month,year,month_label,fy_start,fiscal_year,month_index,month_end
2021-10-01,2021,Oct 2021,2021,FY 2021-22,1,2021-10-31
2021-11-01,2021,Nov 2021,2021,FY 2021-22,2,2021-11-30
2021-12-01,2021,Dec 2021,2021,FY 2021-22,3,2021-12-31
2022-01-01,2022,Jan 2022,2021,FY 2021-22,4,2022-01-31
2022-02-01,2022,Feb 2022,2021,FY 2021-22,5,2022-02-28
2022-03-01,2022,Mar 2022,2021,FY 2021-22,6,2022-03-31
2022-04-01,2022,Apr 2022,2022,FY 2022-23,7,2022-04-30
2022-05-01,2022,May 2022,2022,FY 2022-23,8,2022-05-31
2022-06-01,2022,Jun 2022,2022,FY 2022-23,9,2022-06-30
2022-07-01,2022,Jul 2022,2022,FY 2022-23,10,2022-07-31
2022-08-01,2022,Aug 2022,2022,FY 2022-23,11,2022-08-31
2022-09-01,2022,Sep 2022,2022,FY 2022-23,12,2022-09-30
2022-10-01,2022,Oct 2022,2022,FY 2022-23,13,2022-10-31
2022-11-01,2022,Nov 2022,2022,FY 2022-23,14,2022-11-30
2022-12-01,2022,Dec 2022,2022,FY 2022-23,15,2022-12-31
2023-01-01,2023,Jan 2023,2022,FY 2022-23,16,2023-01-31
2023-02-01,2023,Feb 2023,2022,FY 2022-23,17,2023-02-28
2023-03-01,2023,Mar 2023,2022,FY 2022-23,18,2023-03-31
2023-04-01,2023,Apr 2023,2023,FY 2023-24,19,2023-04-30
2023-05-01,2023,May 2023,2023,FY 2023-24,20,2023-05-31
2023-06-01,2023,Jun 2023,2023,FY 2023-24,21,2023-06-30
2023-07-01,2023,Jul 2023,2023,FY 2023-24,22,2023-07-31
2023-08-01,2023,Aug 2023,2023,FY 2023-24,23,2023-08-31
2023-09-01,2023,Sep 2023,2023,FY 2023-24,24,2023-09-30
2023-10-01,2023,Oct 2023,2023,FY 2023-24,25,2023-10-31
2023-11-01,2023,Nov 2023,2023,FY 2023-24,26,2023-11-30
2023-12-01,2023,Dec 2023,2023,FY 2023-24,27,2023-12-31
2024-01-01,2024,Jan 2024,2023,FY 2023-24,28,2024-01-31
2024-02-01,2024,Feb 2024,2023,FY 2023-24,29,2024-02-29
2024-03-01,2024,Mar 2024,2023,FY 2023-24,30,2024-03-31
2024-04-01,2024,Apr 2024,2024,FY 2024-25,31,2024-04-30
2024-05-01,2024,May 2024,2024,FY 2024-25,32,2024-05-31
2024-06-01,2024,Jun 2024,2024,FY 2024-25,33,2024-06-30
2024-07-01,2024,Jul 2024,2024,FY 2024-25,34,2024-07-31
2024-08-01,2024,Aug 2024,2024,FY 2024-25,35,2024-08-31
2024-09-01,2024,Sep 2024,2024,FY 2024-25,36,2024-09-30
2024-10-01,2024,Oct 2024,2024,FY 2024-25,37,2024-10-31
2024-11-01,2024,Nov 2024,2024,FY 2024-25,38,2024-11-30
2024-12-01,2024,Dec 2024,2024,FY 2024-25,39,2024-12-31
2025-01-01,2025,Jan 2025,2024,FY 2024-25,40,2025-01-31
2025-02-01,2025,Feb 2025,2024,FY 2024-25,41,2025-02-28
2025-03-01,2025,Mar 2025,2024,FY 2024-25,42,2025-03-31
2025-04-01,2025,Apr 2025,2025,FY 2025-26,43,2025-04-30
2025-05-01,2025,May 2025,2025,FY 2025-26,44,2025-05-31
2025-06-01,2025,Jun 2025,2025,FY 2025-26,45,2025-06-30
2025-07-01,2025,Jul 2025,2025,FY 2025-26,46,2025-07-31
2025-08-01,2025,Aug 2025,2025,FY 2025-26,47,2025-08-31
2025-09-01,2025,Sep 2025,2025,FY 2025-26,48,2025-09-30
2025-10-01,2025,Oct 2025,2025,FY 2025-26,49,2025-10-31
2025-11-01,2025,Nov 2025,2025,FY 2025-26,50,2025-11-30
2025-12-01,2025,Dec 2025,2025,FY 2025-26,51,2025-12-31
2026-01-01,2026,Jan 2026,2025,FY 2025-26,52,2026-01-31
2026-02-01,2026,Feb 2026,2025,FY 2025-26,53,2026-02-28
2026-03-01,2026,Mar 2026,2025,FY 2025-26,54,2026-03-31
2026-04-01,2026,Apr 2026,2026,FY 2026-27,55,2026-04-30
2026-05-01,2026,May 2026,2026,FY 2026-27,56,2026-05-31
2026-06-01,2026,Jun 2026,2026,FY 2026-27,57,2026-06-30
2026-07-01,2026,Jul 2026,2026,FY 2026-27,58,2026-07-31
2026-08-01,2026,Aug 2026,2026,FY 2026-27,59,2026-08-31
2026-09-01,2026,Sep 2026,2026,FY 2026-27,60,2026-09-30
