month,employer,gross,basic,epf_employee,epf_employer,professional_tax,tds,net_pay
2021-10-01,NIMBUS SOFTWARE PVT LTD,115299.0,46120.0,5534.0,5534.0,200.0,13728.0,95837.0
2021-11-01,NIMBUS SOFTWARE PVT LTD,115299.0,46120.0,5534.0,5534.0,200.0,13728.0,95837.0
2021-12-01,NIMBUS SOFTWARE PVT LTD,115299.0,46120.0,5534.0,5534.0,200.0,13728.0,95837.0
2022-01-01,NIMBUS SOFTWARE PVT LTD,115299.0,46120.0,5534.0,5534.0,200.0,13728.0,95837.0
2022-02-01,NIMBUS SOFTWARE PVT LTD,115299.0,46120.0,5534.0,5534.0,200.0,13728.0,95837.0
2022-03-01,NIMBUS SOFTWARE PVT LTD,115299.0,46120.0,5534.0,5534.0,200.0,13728.0,95837.0
2022-04-01,NIMBUS SOFTWARE PVT LTD,125676.0,50270.0,6032.0,6032.0,200.0,16461.0,102983.0
2022-05-01,NIMBUS SOFTWARE PVT LTD,125676.0,50270.0,6032.0,6032.0,200.0,16461.0,102983.0
2022-06-01,NIMBUS SOFTWARE PVT LTD,125676.0,50270.0,6032.0,6032.0,200.0,16461.0,102983.0
2022-07-01,NIMBUS SOFTWARE PVT LTD,125676.0,50270.0,6032.0,6032.0,200.0,16461.0,102983.0
2022-08-01,NIMBUS SOFTWARE PVT LTD,125676.0,50270.0,6032.0,6032.0,200.0,16461.0,102983.0
2022-09-01,NIMBUS SOFTWARE PVT LTD,125676.0,50270.0,6032.0,6032.0,200.0,16461.0,102983.0
2022-10-01,NIMBUS SOFTWARE PVT LTD,125676.0,50270.0,6032.0,6032.0,200.0,16461.0,102983.0
2022-11-01,NIMBUS SOFTWARE PVT LTD,125676.0,50270.0,6032.0,6032.0,200.0,16461.0,102983.0
2022-12-01,NIMBUS SOFTWARE PVT LTD,125676.0,50270.0,6032.0,6032.0,200.0,16461.0,102983.0
2023-01-01,NIMBUS SOFTWARE PVT LTD,125676.0,50270.0,6032.0,6032.0,200.0,16461.0,102983.0
2023-02-01,NIMBUS SOFTWARE PVT LTD,125676.0,50270.0,6032.0,6032.0,200.0,16461.0,102983.0
2023-03-01,NIMBUS SOFTWARE PVT LTD,125676.0,50270.0,6032.0,6032.0,200.0,16461.0,102983.0
2023-04-01,NIMBUS SOFTWARE PVT LTD,135730.0,54292.0,6515.0,6515.0,200.0,15048.0,113967.0
2023-05-01,NIMBUS SOFTWARE PVT LTD,135730.0,54292.0,6515.0,6515.0,200.0,15048.0,113967.0
2023-06-01,NIMBUS SOFTWARE PVT LTD,135730.0,54292.0,6515.0,6515.0,200.0,15048.0,113967.0
2023-07-01,VERTEXA TECHNOLOGIES PVT LTD,183235.0,73294.0,8795.0,8795.0,200.0,29869.0,144371.0
2023-08-01,VERTEXA TECHNOLOGIES PVT LTD,183235.0,73294.0,8795.0,8795.0,200.0,29869.0,144371.0
2023-09-01,VERTEXA TECHNOLOGIES PVT LTD,183235.0,73294.0,8795.0,8795.0,200.0,29869.0,144371.0
2023-10-01,VERTEXA TECHNOLOGIES PVT LTD,183235.0,73294.0,8795.0,8795.0,200.0,29869.0,144371.0
2023-11-01,VERTEXA TECHNOLOGIES PVT LTD,183235.0,73294.0,8795.0,8795.0,200.0,29869.0,144371.0
2023-12-01,VERTEXA TECHNOLOGIES PVT LTD,183235.0,73294.0,8795.0,8795.0,200.0,29869.0,144371.0
2024-01-01,VERTEXA TECHNOLOGIES PVT LTD,183235.0,73294.0,8795.0,8795.0,200.0,29869.0,144371.0
2024-02-01,VERTEXA TECHNOLOGIES PVT LTD,183235.0,73294.0,8795.0,8795.0,200.0,29869.0,144371.0
2024-03-01,VERTEXA TECHNOLOGIES PVT LTD,183235.0,73294.0,8795.0,8795.0,200.0,29869.0,144371.0
2024-04-01,VERTEXA TECHNOLOGIES PVT LTD,199727.0,79891.0,9587.0,9587.0,200.0,33498.0,156442.0
2024-05-01,VERTEXA TECHNOLOGIES PVT LTD,199727.0,79891.0,9587.0,9587.0,200.0,33498.0,156442.0
2024-06-01,VERTEXA TECHNOLOGIES PVT LTD,199727.0,79891.0,9587.0,9587.0,200.0,33498.0,156442.0
2024-07-01,VERTEXA TECHNOLOGIES PVT LTD,199727.0,79891.0,9587.0,9587.0,200.0,33498.0,156442.0
2024-08-01,VERTEXA TECHNOLOGIES PVT LTD,199727.0,79891.0,9587.0,9587.0,200.0,33498.0,156442.0
2024-09-01,VERTEXA TECHNOLOGIES PVT LTD,199727.0,79891.0,9587.0,9587.0,200.0,33498.0,156442.0
2024-10-01,VERTEXA TECHNOLOGIES PVT LTD,199727.0,79891.0,9587.0,9587.0,200.0,33498.0,156442.0
2024-11-01,VERTEXA TECHNOLOGIES PVT LTD,199727.0,79891.0,9587.0,9587.0,200.0,33498.0,156442.0
2024-12-01,VERTEXA TECHNOLOGIES PVT LTD,199727.0,79891.0,9587.0,9587.0,200.0,33498.0,156442.0
2025-01-01,VERTEXA TECHNOLOGIES PVT LTD,199727.0,79891.0,9587.0,9587.0,200.0,33498.0,156442.0
2025-02-01,VERTEXA TECHNOLOGIES PVT LTD,199727.0,79891.0,9587.0,9587.0,200.0,33498.0,156442.0
2025-03-01,VERTEXA TECHNOLOGIES PVT LTD,199727.0,79891.0,9587.0,9587.0,200.0,33498.0,156442.0
2025-04-01,VERTEXA TECHNOLOGIES PVT LTD,217702.0,87081.0,10450.0,10450.0,200.0,29573.0,177479.0
2025-05-01,VERTEXA TECHNOLOGIES PVT LTD,217702.0,87081.0,10450.0,10450.0,200.0,29573.0,177479.0
2025-06-01,VERTEXA TECHNOLOGIES PVT LTD,217702.0,87081.0,10450.0,10450.0,200.0,29573.0,177479.0
2025-07-01,VERTEXA TECHNOLOGIES PVT LTD,217702.0,87081.0,10450.0,10450.0,200.0,29573.0,177479.0
2025-08-01,VERTEXA TECHNOLOGIES PVT LTD,217702.0,87081.0,10450.0,10450.0,200.0,29573.0,177479.0
2025-09-01,VERTEXA TECHNOLOGIES PVT LTD,217702.0,87081.0,10450.0,10450.0,200.0,29573.0,177479.0
2025-10-01,VERTEXA TECHNOLOGIES PVT LTD,217702.0,87081.0,10450.0,10450.0,200.0,29573.0,177479.0
2025-11-01,VERTEXA TECHNOLOGIES PVT LTD,217702.0,87081.0,10450.0,10450.0,200.0,29573.0,177479.0
2025-12-01,VERTEXA TECHNOLOGIES PVT LTD,217702.0,87081.0,10450.0,10450.0,200.0,29573.0,177479.0
2026-01-01,VERTEXA TECHNOLOGIES PVT LTD,217702.0,87081.0,10450.0,10450.0,200.0,29573.0,177479.0
2026-02-01,VERTEXA TECHNOLOGIES PVT LTD,217702.0,87081.0,10450.0,10450.0,200.0,29573.0,177479.0
2026-03-01,VERTEXA TECHNOLOGIES PVT LTD,217702.0,87081.0,10450.0,10450.0,200.0,29573.0,177479.0
2026-04-01,VERTEXA TECHNOLOGIES PVT LTD,237295.0,94918.0,11390.0,11390.0,200.0,35686.0,190019.0
2026-05-01,VERTEXA TECHNOLOGIES PVT LTD,237295.0,94918.0,11390.0,11390.0,200.0,35686.0,190019.0
2026-06-01,VERTEXA TECHNOLOGIES PVT LTD,237295.0,94918.0,11390.0,11390.0,200.0,35686.0,190019.0
2026-07-01,VERTEXA TECHNOLOGIES PVT LTD,237295.0,94918.0,11390.0,11390.0,200.0,35686.0,190019.0
2026-08-01,VERTEXA TECHNOLOGIES PVT LTD,237295.0,94918.0,11390.0,11390.0,200.0,35686.0,190019.0
2026-09-01,VERTEXA TECHNOLOGIES PVT LTD,237295.0,94918.0,11390.0,11390.0,200.0,35686.0,190019.0
