month,liability,outstanding
2021-10-01,Credit card,23753.0
2021-10-01,Education loan,387366.92
2021-11-01,Credit card,19078.0
2021-11-01,Education loan,377860.46
2021-12-01,Credit card,52764.0
2021-12-01,Education loan,368270.28
2022-01-01,Credit card,23482.0
2022-01-01,Education loan,358596.36
2022-02-01,Credit card,11609.0
2022-02-01,Education loan,348837.72
2022-03-01,Credit card,15155.0
2022-03-01,Education loan,338994.33
2022-04-01,Credit card,9072.0
2022-04-01,Education loan,329064.2
2022-05-01,Credit card,59783.0
2022-05-01,Education loan,319047.31
2022-06-01,Credit card,12027.0
2022-06-01,Education loan,308942.66
2022-07-01,Credit card,11397.0
2022-07-01,Education loan,298750.25
2022-08-01,Credit card,18289.0
2022-08-01,Education loan,288468.06
2022-09-01,Credit card,19285.0
2022-09-01,Education loan,278096.1
2022-10-01,Credit card,19354.0
2022-10-01,Education loan,267633.34
2022-11-01,Credit card,24719.0
2022-11-01,Education loan,257078.79
2022-12-01,Credit card,39135.0
2022-12-01,Education loan,246432.44
2023-01-01,Credit card,26110.0
2023-01-01,Education loan,235692.28
2023-02-01,Credit card,9658.0
2023-02-01,Education loan,224858.31
2023-03-01,Car loan,650000.0
2023-03-01,Credit card,20633.0
2023-03-01,Education loan,213929.51
2023-04-01,Car loan,641382.0
2023-04-01,Credit card,21324.0
2023-04-01,Education loan,202905.88
2023-05-01,Car loan,632699.37
2023-05-01,Credit card,18658.0
2023-05-01,Education loan,191785.43
2023-06-01,Car loan,623951.25
2023-06-01,Credit card,28608.0
2023-06-01,Education loan,180567.12
2023-07-01,Car loan,615137.63
2023-07-01,Credit card,15484.0
2023-07-01,Education loan,169250.96
2023-08-01,Car loan,606258.53
2023-08-01,Credit card,17505.0
2023-08-01,Education loan,157835.95
2023-09-01,Car loan,597312.94
2023-09-01,Credit card,16903.0
2023-09-01,Education loan,146321.06
2023-10-01,Car loan,588299.85
2023-10-01,Credit card,87648.0
2023-10-01,Education loan,134705.31
2023-11-01,Car loan,579219.25
2023-11-01,Credit card,21162.0
2023-11-01,Education loan,122987.67
2023-12-01,Car loan,570070.14
2023-12-01,Credit card,21602.0
2023-12-01,Education loan,111168.14
2024-01-01,Car loan,560852.53
2024-01-01,Credit card,32252.0
2024-01-01,Education loan,99244.72
2024-02-01,Car loan,551566.39
2024-02-01,Credit card,29211.0
2024-02-01,Education loan,87217.39
2024-03-01,Car loan,542209.75
2024-03-01,Credit card,13120.0
2024-03-01,Education loan,75084.15
2024-04-01,Car loan,532783.57
2024-04-01,Credit card,77220.0
2024-04-01,Education loan,62844.99
2024-05-01,Car loan,523286.88
2024-05-01,Credit card,15149.0
2024-05-01,Education loan,50498.89
2024-06-01,Car loan,513718.65
2024-06-01,Credit card,22790.0
2024-06-01,Education loan,38044.87
2024-07-01,Car loan,504078.89
2024-07-01,Credit card,17931.0
2024-07-01,Education loan,25481.89
2024-08-01,Car loan,494366.59
2024-08-01,Credit card,16946.0
2024-08-01,Education loan,12808.97
2024-09-01,Car loan,484581.75
2024-09-01,Credit card,23968.0
2024-10-01,Car loan,474723.36
2024-10-01,Credit card,26659.0
2024-11-01,Car loan,464790.43
2024-11-01,Credit card,22929.0
2024-12-01,Car loan,454782.93
2024-12-01,Credit card,98853.0
2025-01-01,Car loan,444700.87
2025-01-01,Credit card,35409.0
2025-02-01,Car loan,434543.26
2025-02-01,Credit card,15908.0
2025-03-01,Car loan,424309.07
2025-03-01,Credit card,13864.0
2025-04-01,Car loan,413998.32
2025-04-01,Credit card,16974.0
2025-05-01,Car loan,403609.99
2025-05-01,Credit card,19014.0
2025-06-01,Car loan,393144.07
2025-06-01,Credit card,82828.0
2025-07-01,Car loan,382599.58
2025-07-01,Credit card,18884.0
2025-08-01,Car loan,371976.5
2025-08-01,Credit card,17087.0
2025-09-01,Car loan,361272.82
2025-09-01,Credit card,29287.0
2025-10-01,Car loan,350489.55
2025-10-01,Credit card,30641.0
2025-11-01,Car loan,339625.67
2025-11-01,Credit card,28248.0
2025-12-01,Car loan,328680.19
2025-12-01,Credit card,30090.0
2026-01-01,Car loan,317652.1
2026-01-01,Credit card,41636.0
2026-02-01,Car loan,306541.39
2026-02-01,Credit card,110502.0
2026-03-01,Car loan,295347.06
2026-03-01,Credit card,18896.0
2026-04-01,Car loan,284069.1
2026-04-01,Credit card,20138.0
2026-05-01,Car loan,272706.52
2026-05-01,Credit card,21761.0
2026-06-01,Car loan,261259.3
2026-06-01,Credit card,23421.0
2026-07-01,Car loan,249725.44
2026-07-01,Credit card,22985.0
2026-08-01,Car loan,238104.94
2026-08-01,Credit card,22140.0
2026-09-01,Car loan,226397.79
2026-09-01,Credit card,21734.0
