month,instrument,asset_class,value
2021-10-01,EPF,Fixed income,149819.0
2021-10-01,Nifty 50 index fund,Equity,66000.0
2021-10-01,Savings account,Cash reserves,226755.0
2021-11-01,EPF,Fixed income,159637.0
2021-11-01,Nifty 50 index fund,Equity,72729.62
2021-11-01,Savings account,Cash reserves,227059.0
2021-12-01,EPF,Fixed income,169456.0
2021-12-01,Nifty 50 index fund,Equity,76614.89
2021-12-01,Savings account,Cash reserves,241285.0
2022-01-01,EPF,Fixed income,179275.0
2022-01-01,Nifty 50 index fund,Equity,83665.01
2022-01-01,Savings account,Cash reserves,221337.0
2022-02-01,EPF,Fixed income,189094.0
2022-02-01,Nifty 50 index fund,Equity,88249.33
2022-02-01,Savings account,Cash reserves,233512.0
2022-03-01,EPF,Fixed income,205974.0
2022-03-01,Nifty 50 index fund,Equity,95638.65
2022-03-01,Savings account,Cash reserves,256314.0
2022-04-01,EPF,Fixed income,216789.0
2022-04-01,Fixed deposit 01,Cash reserves,100000.0
2022-04-01,Nifty 50 index fund,Equity,106283.05
2022-04-01,Savings account,Cash reserves,260795.0
2022-04-01,Short-term debt fund,Fixed income,3000.0
2022-05-01,EPF,Fixed income,227604.0
2022-05-01,Fixed deposit 01,Cash reserves,100000.0
2022-05-01,Nifty 50 index fund,Equity,174959.15
2022-05-01,Savings account,Cash reserves,219249.0
2022-05-01,Short-term debt fund,Fixed income,6009.66
2022-06-01,EPF,Fixed income,238419.0
2022-06-01,Fixed deposit 01,Cash reserves,100000.0
2022-06-01,Nifty 50 index fund,Equity,181632.71
2022-06-01,Savings account,Cash reserves,182183.0
2022-06-01,Short-term debt fund,Fixed income,9029.28
2022-07-01,EPF,Fixed income,249234.0
2022-07-01,Fixed deposit 01,Cash reserves,101750.0
2022-07-01,Nifty 50 index fund,Equity,191511.97
2022-07-01,Savings account,Cash reserves,205179.0
2022-07-01,Short-term debt fund,Fixed income,12078.26
2022-08-01,EPF,Fixed income,260048.0
2022-08-01,Fixed deposit 01,Cash reserves,101750.0
2022-08-01,Nifty 50 index fund,Equity,195576.12
2022-08-01,Savings account,Cash reserves,234391.0
2022-08-01,Short-term debt fund,Fixed income,15147.17
2022-09-01,EPF,Fixed income,270863.0
2022-09-01,Fixed deposit 01,Cash reserves,101750.0
2022-09-01,Nifty 50 index fund,Equity,190860.84
2022-09-01,Savings account,Cash reserves,254590.0
2022-09-01,Short-term debt fund,Fixed income,18220.53
2022-10-01,EPF,Fixed income,281678.0
2022-10-01,Fixed deposit 01,Cash reserves,103530.63
2022-10-01,Nifty 50 index fund,Equity,192613.5
2022-10-01,Savings account,Cash reserves,260128.0
2022-10-01,Short-term debt fund,Fixed income,21364.86
2022-11-01,EPF,Fixed income,292493.0
2022-11-01,Fixed deposit 01,Cash reserves,103530.63
2022-11-01,Nifty 50 index fund,Equity,221050.38
2022-11-01,Savings account,Cash reserves,247403.0
2022-11-01,Short-term debt fund,Fixed income,24526.62
2022-12-01,EPF,Fixed income,303308.0
2022-12-01,Fixed deposit 01,Cash reserves,103530.63
2022-12-01,Nifty 50 index fund,Equity,228970.6
2022-12-01,Savings account,Cash reserves,253595.0
2022-12-01,Short-term debt fund,Fixed income,27674.23
2023-01-01,EPF,Fixed income,314123.0
2023-01-01,Fixed deposit 01,Cash reserves,105342.41
2023-01-01,Nifty 50 index fund,Equity,225466.92
2023-01-01,Savings account,Cash reserves,247592.0
2023-01-01,Short-term debt fund,Fixed income,30839.02
2023-02-01,EPF,Fixed income,324938.0
2023-02-01,Fixed deposit 01,Cash reserves,105342.41
2023-02-01,Nifty 50 index fund,Equity,218849.61
2023-02-01,Savings account,Cash reserves,253096.0
2023-02-01,Short-term debt fund,Fixed income,34070.84
2023-03-01,EPF,Fixed income,358269.0
2023-03-01,Nifty 50 index fund,Equity,221539.6
2023-03-01,Savings account,Cash reserves,216410.0
2023-03-01,Short-term debt fund,Fixed income,37404.8
2023-04-01,EPF,Fixed income,370049.0
2023-04-01,Nifty 50 index fund,Equity,219320.47
2023-04-01,PPF,Fixed income,40000.0
2023-04-01,Savings account,Cash reserves,284960.0
2023-04-01,Short-term debt fund,Fixed income,40627.28
2023-05-01,EPF,Fixed income,381829.0
2023-05-01,Nifty 50 index fund,Equity,247169.83
2023-05-01,PPF,Fixed income,40000.0
2023-05-01,Savings account,Cash reserves,273304.0
2023-05-01,Short-term debt fund,Fixed income,43918.38
2023-06-01,EPF,Fixed income,393609.0
2023-06-01,Nifty 50 index fund,Equity,264610.22
2023-06-01,PPF,Fixed income,40000.0
2023-06-01,Savings account,Cash reserves,277362.0
2023-06-01,Short-term debt fund,Fixed income,47299.56
2023-07-01,EPF,Fixed income,409950.0
2023-07-01,Nifty 50 index fund,Equity,284939.91
2023-07-01,PPF,Fixed income,40000.0
2023-07-01,Savings account,Cash reserves,304135.0
2023-07-01,Short-term debt fund,Fixed income,50530.06
2023-08-01,EPF,Fixed income,426290.0
2023-08-01,Nifty 50 index fund,Equity,287851.57
2023-08-01,PPF,Fixed income,40000.0
2023-08-01,Savings account,Cash reserves,347890.0
2023-08-01,Short-term debt fund,Fixed income,53764.57
2023-09-01,EPF,Fixed income,442631.0
2023-09-01,Nifty 50 index fund,Equity,317660.02
2023-09-01,PPF,Fixed income,40000.0
2023-09-01,Savings account,Cash reserves,385438.0
2023-09-01,Short-term debt fund,Fixed income,57199.58
2023-10-01,EPF,Fixed income,458971.0
2023-10-01,Nifty 50 index fund,Equity,324795.23
2023-10-01,PPF,Fixed income,40000.0
2023-10-01,Savings account,Cash reserves,413103.0
2023-10-01,Short-term debt fund,Fixed income,60605.27
2023-11-01,EPF,Fixed income,475312.0
2023-11-01,Nifty 50 index fund,Equity,336598.07
2023-11-01,PPF,Fixed income,40000.0
2023-11-01,Savings account,Cash reserves,366256.0
2023-11-01,Short-term debt fund,Fixed income,63945.06
2023-12-01,EPF,Fixed income,491653.0
2023-12-01,Nifty 50 index fund,Equity,365743.33
2023-12-01,PPF,Fixed income,40000.0
2023-12-01,Savings account,Cash reserves,401086.0
2023-12-01,Short-term debt fund,Fixed income,67274.13
2024-01-01,EPF,Fixed income,507993.0
2024-01-01,Fixed deposit 02,Cash reserves,100000.0
2024-01-01,Nifty 50 index fund,Equity,380648.25
2024-01-01,PPF,Fixed income,40000.0
2024-01-01,Savings account,Cash reserves,333982.0
2024-01-01,Short-term debt fund,Fixed income,70869.29
2024-02-01,EPF,Fixed income,524334.0
2024-02-01,Fixed deposit 02,Cash reserves,100000.0
2024-02-01,Nifty 50 index fund,Equity,394633.96
2024-02-01,PPF,Fixed income,40000.0
2024-02-01,Savings account,Cash reserves,353428.0
2024-02-01,Short-term debt fund,Fixed income,74330.14
2024-03-01,EPF,Fixed income,577960.0
2024-03-01,Fixed deposit 02,Cash reserves,100000.0
2024-03-01,Nifty 50 index fund,Equity,410471.47
2024-03-01,PPF,Fixed income,42840.0
2024-03-01,Savings account,Cash reserves,350220.0
2024-03-01,Short-term debt fund,Fixed income,77595.69
2024-04-01,EPF,Fixed income,595883.0
2024-04-01,Fixed deposit 02,Cash reserves,101750.0
2024-04-01,Nifty 50 index fund,Equity,423292.83
2024-04-01,PPF,Fixed income,132840.0
2024-04-01,Savings account,Cash reserves,446657.0
2024-04-01,Short-term debt fund,Fixed income,81226.85
2024-05-01,EPF,Fixed income,613807.0
2024-05-01,Fixed deposit 02,Cash reserves,101750.0
2024-05-01,Nifty 50 index fund,Equity,443989.49
2024-05-01,PPF,Fixed income,132840.0
2024-05-01,Savings account,Cash reserves,424730.0
2024-05-01,Short-term debt fund,Fixed income,84806.34
2024-06-01,EPF,Fixed income,631731.0
2024-06-01,Fixed deposit 02,Cash reserves,101750.0
2024-06-01,Nifty 50 index fund,Equity,486394.27
2024-06-01,PPF,Fixed income,132840.0
2024-06-01,Savings account,Cash reserves,451738.0
2024-06-01,Short-term debt fund,Fixed income,88297.39
2024-07-01,EPF,Fixed income,649655.0
2024-07-01,Fixed deposit 02,Cash reserves,103530.63
2024-07-01,Nifty 50 index fund,Equity,479989.81
2024-07-01,PPF,Fixed income,132840.0
2024-07-01,Savings account,Cash reserves,485599.0
2024-07-01,Short-term debt fund,Fixed income,91870.7
2024-08-01,EPF,Fixed income,667578.0
2024-08-01,Fixed deposit 02,Cash reserves,103530.63
2024-08-01,Nifty 50 index fund,Equity,457807.55
2024-08-01,Office REIT,Real estate,39108.0
2024-08-01,PPF,Fixed income,132840.0
2024-08-01,Savings account,Cash reserves,483208.0
2024-08-01,Short-term debt fund,Fixed income,95347.73
2024-09-01,EPF,Fixed income,685502.0
2024-09-01,Fixed deposit 02,Cash reserves,103530.63
2024-09-01,Nifty 50 index fund,Equity,482723.07
2024-09-01,Office REIT,Real estate,38248.5
2024-09-01,PPF,Fixed income,132840.0
2024-09-01,Savings account,Cash reserves,528721.0
2024-09-01,Short-term debt fund,Fixed income,99328.65
2024-10-01,EPF,Fixed income,703426.0
2024-10-01,Fixed deposit 02,Cash reserves,105342.41
2024-10-01,Nifty 50 index fund,Equity,490979.45
2024-10-01,Office REIT,Real estate,38929.5
2024-10-01,PPF,Fixed income,132840.0
2024-10-01,Savings account,Cash reserves,564993.0
2024-10-01,Short-term debt fund,Fixed income,102945.53
2024-11-01,EPF,Fixed income,721350.0
2024-11-01,Fixed deposit 02,Cash reserves,105342.41
2024-11-01,Nifty 50 index fund,Equity,748982.9
2024-11-01,Office REIT,Real estate,39867.0
2024-11-01,PPF,Fixed income,132840.0
2024-11-01,Savings account,Cash reserves,354967.0
2024-11-01,Short-term debt fund,Fixed income,106500.42
2024-12-01,EPF,Fixed income,739273.0
2024-12-01,Fixed deposit 02,Cash reserves,105342.41
2024-12-01,Nifty 50 index fund,Equity,791244.59
2024-12-01,Office REIT,Real estate,39891.0
2024-12-01,PPF,Fixed income,132840.0
2024-12-01,Savings account,Cash reserves,402717.0
2024-12-01,Short-term debt fund,Fixed income,109897.78
2025-01-01,EPF,Fixed income,757197.0
2025-01-01,Fixed deposit 02,Cash reserves,107185.9
2025-01-01,Nifty 50 index fund,Equity,817704.46
2025-01-01,Office REIT,Real estate,40321.5
2025-01-01,PPF,Fixed income,132840.0
2025-01-01,Savings account,Cash reserves,374151.0
2025-01-01,Short-term debt fund,Fixed income,113303.39
2025-02-01,EPF,Fixed income,775121.0
2025-02-01,Fixed deposit 02,Cash reserves,107185.9
2025-02-01,Nifty 50 index fund,Equity,811629.47
2025-02-01,Office REIT,Real estate,73215.9
2025-02-01,PPF,Fixed income,132840.0
2025-02-01,Savings account,Cash reserves,372250.0
2025-02-01,Short-term debt fund,Fixed income,117181.04
2025-03-01,EPF,Fixed income,850338.0
2025-03-01,Fixed deposit 02,Cash reserves,107185.9
2025-03-01,Nifty 50 index fund,Equity,840319.68
2025-03-01,Office REIT,Real estate,73175.4
2025-03-01,PPF,Fixed income,142272.0
2025-03-01,Savings account,Cash reserves,402999.0
2025-03-01,Short-term debt fund,Fixed income,120721.94
2025-04-01,EPF,Fixed income,869987.0
2025-04-01,Fixed deposit 02,Cash reserves,109061.66
2025-04-01,Nifty 50 index fund,Equity,792219.48
2025-04-01,Office REIT,Real estate,74193.3
2025-04-01,PPF,Fixed income,232272.0
2025-04-01,Savings account,Cash reserves,530835.0
2025-04-01,Short-term debt fund,Fixed income,124149.16
2025-05-01,EPF,Fixed income,889637.0
2025-05-01,Fixed deposit 02,Cash reserves,109061.66
2025-05-01,Nifty 50 index fund,Equity,993250.63
2025-05-01,Office REIT,Real estate,70529.4
2025-05-01,PPF,Fixed income,232272.0
2025-05-01,Savings account,Cash reserves,349673.0
2025-05-01,Short-term debt fund,Fixed income,128079.32
2025-06-01,EPF,Fixed income,909286.0
2025-06-01,Fixed deposit 02,Cash reserves,109061.66
2025-06-01,Nifty 50 index fund,Equity,1056199.6
2025-06-01,Office REIT,Real estate,72387.0
2025-06-01,PPF,Fixed income,232272.0
2025-06-01,Savings account,Cash reserves,405618.0
2025-06-01,Short-term debt fund,Fixed income,131605.51
2025-07-01,EPF,Fixed income,928935.0
2025-07-01,Fixed deposit 02,Cash reserves,110970.24
2025-07-01,Nifty 50 index fund,Equity,1092241.54
2025-07-01,Office REIT,Real estate,75319.2
2025-07-01,PPF,Fixed income,232272.0
2025-07-01,Savings account,Cash reserves,405259.0
2025-07-01,Short-term debt fund,Fixed income,134964.37
2025-08-01,EPF,Fixed income,948585.0
2025-08-01,Fixed deposit 02,Cash reserves,110970.24
2025-08-01,Nifty 50 index fund,Equity,1193318.16
2025-08-01,Office REIT,Real estate,74925.0
2025-08-01,PPF,Fixed income,232272.0
2025-08-01,Savings account,Cash reserves,470455.0
2025-08-01,Short-term debt fund,Fixed income,138729.37
2025-09-01,EPF,Fixed income,968234.0
2025-09-01,Fixed deposit 02,Cash reserves,110970.24
2025-09-01,Nifty 50 index fund,Equity,1216059.35
2025-09-01,Office REIT,Real estate,77619.6
2025-09-01,PPF,Fixed income,232272.0
2025-09-01,Savings account,Cash reserves,537014.0
2025-09-01,Short-term debt fund,Fixed income,142263.42
2025-10-01,EPF,Fixed income,987884.0
2025-10-01,Fixed deposit 02,Cash reserves,112912.21
2025-10-01,Nifty 50 index fund,Equity,1217926.9
2025-10-01,Office REIT,Real estate,76005.0
2025-10-01,PPF,Fixed income,232272.0
2025-10-01,Savings account,Cash reserves,582630.0
2025-10-01,Short-term debt fund,Fixed income,146074.02
2025-11-01,EPF,Fixed income,1007533.0
2025-11-01,Fixed deposit 02,Cash reserves,112912.21
2025-11-01,Nifty 50 index fund,Equity,1445211.06
2025-11-01,Office REIT,Real estate,114254.4
2025-11-01,PPF,Fixed income,232272.0
2025-11-01,Savings account,Cash reserves,359130.0
2025-11-01,Short-term debt fund,Fixed income,149548.15
2025-12-01,EPF,Fixed income,1027182.0
2025-12-01,Fixed deposit 02,Cash reserves,112912.21
2025-12-01,Nifty 50 index fund,Equity,1469288.17
2025-12-01,Office REIT,Real estate,114644.4
2025-12-01,PPF,Fixed income,232272.0
2025-12-01,Savings account,Cash reserves,423009.0
2025-12-01,Short-term debt fund,Fixed income,153704.4
2026-01-01,EPF,Fixed income,1046832.0
2026-01-01,Fixed deposit 02,Cash reserves,114888.18
2026-01-01,Nifty 50 index fund,Equity,1457738.04
2026-01-01,Office REIT,Real estate,113061.0
2026-01-01,PPF,Fixed income,232272.0
2026-01-01,Savings account,Cash reserves,481957.0
2026-01-01,Short-term debt fund,Fixed income,157495.54
2026-02-01,EPF,Fixed income,1066481.0
2026-02-01,Fixed deposit 02,Cash reserves,114888.18
2026-02-01,Nifty 50 index fund,Equity,1492494.16
2026-02-01,Office REIT,Real estate,112382.4
2026-02-01,PPF,Fixed income,232272.0
2026-02-01,Savings account,Cash reserves,526855.0
2026-02-01,Short-term debt fund,Fixed income,161290.76
2026-03-01,EPF,Fixed income,1166820.0
2026-03-01,Fixed deposit 02,Cash reserves,114888.18
2026-03-01,Nifty 50 index fund,Equity,1434524.79
2026-03-01,Office REIT,Real estate,118294.8
2026-03-01,PPF,Fixed income,248763.0
2026-03-01,Savings account,Cash reserves,484109.0
2026-03-01,Short-term debt fund,Fixed income,164965.87
2026-04-01,EPF,Fixed income,1188351.0
2026-04-01,Fixed deposit 02,Cash reserves,116898.72
2026-04-01,Nifty 50 index fund,Equity,1426973.64
2026-04-01,Office REIT,Real estate,119847.0
2026-04-01,PPF,Fixed income,338763.0
2026-04-01,Savings account,Cash reserves,633170.0
2026-04-01,Short-term debt fund,Fixed income,168574.74
2026-05-01,EPF,Fixed income,1209881.0
2026-05-01,Fixed deposit 02,Cash reserves,116898.72
2026-05-01,Nifty 50 index fund,Equity,1883036.29
2026-05-01,Office REIT,Real estate,119457.0
2026-05-01,PPF,Fixed income,338763.0
2026-05-01,Savings account,Cash reserves,377815.0
2026-05-01,Short-term debt fund,Fixed income,172062.28
2026-06-01,EPF,Fixed income,1231412.0
2026-06-01,Fixed deposit 02,Cash reserves,116898.72
2026-06-01,Nifty 50 index fund,Equity,1870192.61
2026-06-01,Office REIT,Real estate,122448.3
2026-06-01,PPF,Fixed income,338763.0
2026-06-01,Savings account,Cash reserves,437925.0
2026-06-01,Short-term debt fund,Fixed income,175454.3
2026-07-01,EPF,Fixed income,1252942.0
2026-07-01,Fixed deposit 02,Cash reserves,118944.45
2026-07-01,Nifty 50 index fund,Equity,1908792.08
2026-07-01,Office REIT,Real estate,120053.7
2026-07-01,PPF,Fixed income,338763.0
2026-07-01,Savings account,Cash reserves,509790.0
2026-07-01,Short-term debt fund,Fixed income,179497.16
2026-08-01,EPF,Fixed income,1274472.0
2026-08-01,Fixed deposit 02,Cash reserves,118944.45
2026-08-01,Nifty 50 index fund,Equity,1988852.76
2026-08-01,Office REIT,Real estate,119897.7
2026-08-01,PPF,Fixed income,338763.0
2026-08-01,Savings account,Cash reserves,581517.0
2026-08-01,Short-term debt fund,Fixed income,183344.76
2026-09-01,EPF,Fixed income,1296003.0
2026-09-01,Fixed deposit 02,Cash reserves,118944.45
2026-09-01,Nifty 50 index fund,Equity,1931541.33
2026-09-01,Office REIT,Real estate,125061.3
2026-09-01,PPF,Fixed income,338763.0
2026-09-01,Savings account,Cash reserves,653146.0
2026-09-01,Short-term debt fund,Fixed income,186962.21
