loan_id,installment,emi_date,month,emi,opening,interest,principal_paid,closing
CAR-01,1,2023-04-05,2023-04-01,13493.0,650000,4875.0,8618.0,641382.0
CAR-01,2,2023-05-05,2023-05-01,13493.0,641382,4810.37,8682.64,632699.37
CAR-01,3,2023-06-05,2023-06-01,13493.0,632699,4745.25,8747.75,623951.25
CAR-01,4,2023-07-05,2023-07-01,13493.0,623951,4679.63,8813.37,615137.63
CAR-01,5,2023-08-05,2023-08-01,13493.0,615138,4613.53,8879.47,606258.53
CAR-01,6,2023-09-05,2023-09-01,13493.0,606259,4546.94,8946.06,597312.94
CAR-01,7,2023-10-05,2023-10-01,13493.0,597313,4479.85,9013.15,588299.85
CAR-01,8,2023-11-05,2023-11-01,13493.0,588300,4412.25,9080.75,579219.25
CAR-01,9,2023-12-05,2023-12-01,13493.0,579219,4344.14,9148.86,570070.14
CAR-01,10,2024-01-05,2024-01-01,13493.0,570070,4275.53,9217.47,560852.53
CAR-01,11,2024-02-05,2024-02-01,13493.0,560853,4206.39,9286.61,551566.39
CAR-01,12,2024-03-05,2024-03-01,13493.0,551566,4136.75,9356.25,542209.75
CAR-01,13,2024-04-05,2024-04-01,13493.0,542210,4066.57,9426.43,532783.57
CAR-01,14,2024-05-05,2024-05-01,13493.0,532784,3995.88,9497.12,523286.88
CAR-01,15,2024-06-05,2024-06-01,13493.0,523287,3924.65,9568.35,513718.65
CAR-01,16,2024-07-05,2024-07-01,13493.0,513719,3852.89,9640.11,504078.89
CAR-01,17,2024-08-05,2024-08-01,13493.0,504079,3780.59,9712.41,494366.59
CAR-01,18,2024-09-05,2024-09-01,13493.0,494367,3707.75,9785.25,484581.75
CAR-01,19,2024-10-05,2024-10-01,13493.0,484582,3634.36,9858.64,474723.36
CAR-01,20,2024-11-05,2024-11-01,13493.0,474723,3560.43,9932.57,464790.43
CAR-01,21,2024-12-05,2024-12-01,13493.0,464790,3485.93,10007.07,454782.93
CAR-01,22,2025-01-05,2025-01-01,13493.0,454783,3410.87,10082.13,444700.87
CAR-01,23,2025-02-05,2025-02-01,13493.0,444701,3335.26,10157.74,434543.26
CAR-01,24,2025-03-05,2025-03-01,13493.0,434543,3259.07,10233.93,424309.07
CAR-01,25,2025-04-05,2025-04-01,13493.0,424309,3182.32,10310.68,413998.32
CAR-01,26,2025-05-05,2025-05-01,13493.0,413998,3104.99,10388.01,403609.99
CAR-01,27,2025-06-05,2025-06-01,13493.0,403610,3027.07,10465.93,393144.07
CAR-01,28,2025-07-05,2025-07-01,13493.0,393144,2948.58,10544.42,382599.58
CAR-01,29,2025-08-05,2025-08-01,13493.0,382600,2869.5,10623.5,371976.5
CAR-01,30,2025-09-05,2025-09-01,13493.0,371976,2789.82,10703.18,361272.82
CAR-01,31,2025-10-05,2025-10-01,13493.0,361273,2709.55,10783.45,350489.55
CAR-01,32,2025-11-05,2025-11-01,13493.0,350490,2628.67,10864.33,339625.67
CAR-01,33,2025-12-05,2025-12-01,13493.0,339626,2547.19,10945.81,328680.19
CAR-01,34,2026-01-05,2026-01-01,13493.0,328680,2465.1,11027.9,317652.1
CAR-01,35,2026-02-05,2026-02-01,13493.0,317652,2382.39,11110.61,306541.39
CAR-01,36,2026-03-05,2026-03-01,13493.0,306541,2299.06,11193.94,295347.06
CAR-01,37,2026-04-05,2026-04-01,13493.0,295347,2215.1,11277.9,284069.1
CAR-01,38,2026-05-05,2026-05-01,13493.0,284069,2130.52,11362.48,272706.52
CAR-01,39,2026-06-05,2026-06-01,13493.0,272707,2045.3,11447.7,261259.3
CAR-01,40,2026-07-05,2026-07-01,13493.0,261259,1959.44,11533.56,249725.44
CAR-01,41,2026-08-05,2026-08-01,13493.0,249725,1872.94,11620.06,238104.94
CAR-01,42,2026-09-05,2026-09-01,13493.0,238105,1785.79,11707.21,226397.79
CAR-01,43,2026-10-05,2026-10-01,13493.0,226398,1697.98,11795.02,214602.98
CAR-01,44,2026-11-05,2026-11-01,13493.0,214603,1609.52,11883.48,202719.52
CAR-01,45,2026-12-05,2026-12-01,13493.0,202720,1520.4,11972.6,190747.4
CAR-01,46,2027-01-05,2027-01-01,13493.0,190747,1430.61,12062.39,178684.61
CAR-01,47,2027-02-05,2027-02-01,13493.0,178685,1340.13,12152.87,166532.13
CAR-01,48,2027-03-05,2027-03-01,13493.0,166532,1248.99,12244.01,154287.99
CAR-01,49,2027-04-05,2027-04-01,13493.0,154288,1157.16,12335.84,141952.16
CAR-01,50,2027-05-05,2027-05-01,13493.0,141952,1064.64,12428.36,129523.64
CAR-01,51,2027-06-05,2027-06-01,13493.0,129524,971.43,12521.57,117002.43
CAR-01,52,2027-07-05,2027-07-01,13493.0,117002,877.52,12615.48,104386.52
CAR-01,53,2027-08-05,2027-08-01,13493.0,104387,782.9,12710.1,91676.9
CAR-01,54,2027-09-05,2027-09-01,13493.0,91677,687.58,12805.42,78871.58
CAR-01,55,2027-10-05,2027-10-01,13493.0,78872,591.54,12901.46,65970.54
CAR-01,56,2027-11-05,2027-11-01,13493.0,65971,494.78,12998.22,52972.78
CAR-01,57,2027-12-05,2027-12-01,13493.0,52973,397.3,13095.7,39877.3
CAR-01,58,2028-01-05,2028-01-01,13493.0,39877,299.08,13193.92,26683.08
CAR-01,59,2028-02-05,2028-02-01,13493.0,26683,200.12,13292.88,13390.12
CAR-01,60,2028-03-05,2028-03-01,13493.0,13390,100.43,13390.0,0.0
EDU-01,1,2019-10-05,2019-10-01,12896.0,600000,5250.0,7646.0,592354.0
EDU-01,2,2019-11-05,2019-11-01,12896.0,592354,5183.1,7712.9,584641.1
EDU-01,3,2019-12-05,2019-12-01,12896.0,584641,5115.61,7780.39,576860.61
EDU-01,4,2020-01-05,2020-01-01,12896.0,576861,5047.53,7848.47,569012.53
EDU-01,5,2020-02-05,2020-02-01,12896.0,569013,4978.86,7917.14,561095.86
EDU-01,6,2020-03-05,2020-03-01,12896.0,561096,4909.59,7986.41,553109.59
EDU-01,7,2020-04-05,2020-04-01,12896.0,553110,4839.71,8056.29,545053.71
EDU-01,8,2020-05-05,2020-05-01,12896.0,545054,4769.22,8126.78,536927.22
EDU-01,9,2020-06-05,2020-06-01,12896.0,536927,4698.11,8197.89,528729.11
EDU-01,10,2020-07-05,2020-07-01,12896.0,528729,4626.38,8269.62,520459.38
EDU-01,11,2020-08-05,2020-08-01,12896.0,520459,4554.02,8341.98,512117.02
EDU-01,12,2020-09-05,2020-09-01,12896.0,512117,4481.02,8414.98,503702.02
EDU-01,13,2020-10-05,2020-10-01,12896.0,503702,4407.39,8488.61,495213.39
EDU-01,14,2020-11-05,2020-11-01,12896.0,495213,4333.12,8562.88,486650.12
EDU-01,15,2020-12-05,2020-12-01,12896.0,486650,4258.19,8637.81,478012.19
EDU-01,16,2021-01-05,2021-01-01,12896.0,478012,4182.61,8713.39,469298.61
EDU-01,17,2021-02-05,2021-02-01,12896.0,469299,4106.36,8789.64,460509.36
EDU-01,18,2021-03-05,2021-03-01,12896.0,460509,4029.46,8866.54,451642.46
EDU-01,19,2021-04-05,2021-04-01,12896.0,451642,3951.87,8944.13,442697.87
EDU-01,20,2021-05-05,2021-05-01,12896.0,442698,3873.61,9022.39,433675.61
EDU-01,21,2021-06-05,2021-06-01,12896.0,433676,3794.66,9101.34,424574.66
EDU-01,22,2021-07-05,2021-07-01,12896.0,424575,3715.03,9180.97,415394.03
EDU-01,23,2021-08-05,2021-08-01,12896.0,415394,3634.7,9261.3,406132.7
EDU-01,24,2021-09-05,2021-09-01,12896.0,406133,3553.66,9342.34,396790.66
EDU-01,25,2021-10-05,2021-10-01,12896.0,396791,3471.92,9424.08,387366.92
EDU-01,26,2021-11-05,2021-11-01,12896.0,387367,3389.46,9506.54,377860.46
EDU-01,27,2021-12-05,2021-12-01,12896.0,377860,3306.28,9589.72,368270.28
EDU-01,28,2022-01-05,2022-01-01,12896.0,368270,3222.36,9673.64,358596.36
EDU-01,29,2022-02-05,2022-02-01,12896.0,358596,3137.72,9758.28,348837.72
EDU-01,30,2022-03-05,2022-03-01,12896.0,348838,3052.33,9843.67,338994.33
EDU-01,31,2022-04-05,2022-04-01,12896.0,338994,2966.2,9929.8,329064.2
EDU-01,32,2022-05-05,2022-05-01,12896.0,329064,2879.31,10016.69,319047.31
EDU-01,33,2022-06-05,2022-06-01,12896.0,319047,2791.66,10104.34,308942.66
EDU-01,34,2022-07-05,2022-07-01,12896.0,308943,2703.25,10192.75,298750.25
EDU-01,35,2022-08-05,2022-08-01,12896.0,298750,2614.06,10281.94,288468.06
EDU-01,36,2022-09-05,2022-09-01,12896.0,288468,2524.1,10371.9,278096.1
EDU-01,37,2022-10-05,2022-10-01,12896.0,278096,2433.34,10462.66,267633.34
EDU-01,38,2022-11-05,2022-11-01,12896.0,267633,2341.79,10554.21,257078.79
EDU-01,39,2022-12-05,2022-12-01,12896.0,257079,2249.44,10646.56,246432.44
EDU-01,40,2023-01-05,2023-01-01,12896.0,246432,2156.28,10739.72,235692.28
EDU-01,41,2023-02-05,2023-02-01,12896.0,235692,2062.31,10833.69,224858.31
EDU-01,42,2023-03-05,2023-03-01,12896.0,224858,1967.51,10928.49,213929.51
EDU-01,43,2023-04-05,2023-04-01,12896.0,213930,1871.88,11024.12,202905.88
EDU-01,44,2023-05-05,2023-05-01,12896.0,202906,1775.43,11120.57,191785.43
EDU-01,45,2023-06-05,2023-06-01,12896.0,191785,1678.12,11217.88,180567.12
EDU-01,46,2023-07-05,2023-07-01,12896.0,180567,1579.96,11316.04,169250.96
EDU-01,47,2023-08-05,2023-08-01,12896.0,169251,1480.95,11415.05,157835.95
EDU-01,48,2023-09-05,2023-09-01,12896.0,157836,1381.06,11514.94,146321.06
EDU-01,49,2023-10-05,2023-10-01,12896.0,146321,1280.31,11615.69,134705.31
EDU-01,50,2023-11-05,2023-11-01,12896.0,134705,1178.67,11717.33,122987.67
EDU-01,51,2023-12-05,2023-12-01,12896.0,122988,1076.14,11819.86,111168.14
EDU-01,52,2024-01-05,2024-01-01,12896.0,111168,972.72,11923.28,99244.72
EDU-01,53,2024-02-05,2024-02-01,12896.0,99245,868.39,12027.61,87217.39
EDU-01,54,2024-03-05,2024-03-01,12896.0,87217,763.15,12132.85,75084.15
EDU-01,55,2024-04-05,2024-04-01,12896.0,75084,656.99,12239.01,62844.99
EDU-01,56,2024-05-05,2024-05-01,12896.0,62845,549.89,12346.11,50498.89
EDU-01,57,2024-06-05,2024-06-01,12896.0,50499,441.87,12454.13,38044.87
EDU-01,58,2024-07-05,2024-07-01,12896.0,38045,332.89,12563.11,25481.89
EDU-01,59,2024-08-05,2024-08-01,12896.0,25482,222.97,12673.03,12808.97
EDU-01,60,2024-09-05,2024-09-01,12896.0,12809,112.08,12809.0,0.0
