year_offset,age,year,projected_assets,fire_target
0,31,2026,4402289.5,32611428.571428567
1,32,2027,6178638.450000001,34568114.28571428
2,33,2028,8226150.695000008,36642201.14285715
3,34,2029,10578489.552500017,38840733.21142857
4,35,2030,13273142.960910011,41171177.204114296
5,36,2031,16351838.02188221,43641447.83636115
6,37,2032,19860999.242493324,46259934.70654282
7,38,2033,23852255.00445515,49035530.7889354
8,39,2034,28382997.25125303,51977662.63627152
9,40,2035,33516999.894975364,55096322.39444782
10,41,2036,39325102.00737173,58402101.73811469
11,42,2037,45885962.47961062,61906227.84240157
12,43,2038,53286893.518078566,65620601.51294567
13,44,2039,61624781.09572877,69557837.60372241
14,45,2040,71007101.30695295,73731307.85994577
15,46,2041,81553042.48641515,78155186.3315425
16,47,2042,93394743.95723723,82844497.51143506
17,48,2043,106678663.38069423,87815167.36212116
18,49,2044,121567085.89843819,93084077.40384845
19,50,2045,138239789.60053375,98669122.04807934
20,51,2046,156895883.33069652,104589269.37096412
21,52,2047,177755834.46778324,110864625.53322199
22,53,2048,201063706.11485982,117516503.0652153
23,54,2049,227089625.10066494,124567493.24912821
24,55,2050,256132504.37125286,132041542.84407593
25,56,2051,288523045.7421362,139964035.41472048
26,57,2052,324627051.6154708,148361877.5396037
27,58,2053,364849077.16707754,157263590.19197994
28,59,2054,409636457.70114887,166699405.60349876
29,60,2055,459483749.38584286,176701369.93970868
30,61,2056,514937625.4530268,187303452.1360912
31,62,2057,576602274.2059312,198541659.26425672
32,63,2058,645145349.8686581,210454158.82011214
33,64,2059,721304532.474607,223081408.34931886
34,65,2060,805894758.6744868,236466292.850278
35,66,2061,899816191.6010237,250654270.4212947
36,67,2062,1004063004.8143505,265693526.64657238
37,68,2063,1119733062.932736,281635138.24536675
38,69,2064,1248038589.897546,298533246.5400888
39,70,2065,1390317925.005845,316445241.33249414
40,71,2066,1548048476.953272,335431955.81244373
