month,cash_reserves,equity,fixed_income,real_estate,total_assets,loans,card_balance,total_liabilities,net_worth
2021-10-01,226755.0,66000.0,149819.0,0.0,442574.0,387366.92,23753.0,411119.92,31454.080000000016
2021-11-01,227059.0,72729.62,159637.0,0.0,459425.62,377860.46,19078.0,396938.46,62487.159999999974
2021-12-01,241285.0,76614.89,169456.0,0.0,487355.89,368270.28,52764.0,421034.28,66321.60999999999
2022-01-01,221337.0,83665.01,179275.0,0.0,484277.01,358596.36,23482.0,382078.36,102198.65000000002
2022-02-01,233512.0,88249.33,189094.0,0.0,510855.33,348837.72,11609.0,360446.72,150408.61000000004
2022-03-01,256314.0,95638.65,205974.0,0.0,557926.65,338994.33,15155.0,354149.33,203777.32
2022-04-01,360795.0,106283.05,219789.0,0.0,686867.05,329064.2,9072.0,338136.2,348730.85000000003
2022-05-01,319249.0,174959.15,233613.66,0.0,727821.81,319047.31,59783.0,378830.31,348991.50000000006
2022-06-01,282183.0,181632.71,247448.28,0.0,711263.99,308942.66,12027.0,320969.66,390294.33
2022-07-01,306929.0,191511.97,261312.26,0.0,759753.23,298750.25,11397.0,310147.25,449605.98
2022-08-01,336141.0,195576.12,275195.17,0.0,806912.29,288468.06,18289.0,306757.06,500155.23000000004
2022-09-01,356340.0,190860.84,289083.53,0.0,836284.37,278096.1,19285.0,297381.1,538903.27
2022-10-01,363658.63,192613.5,303042.86,0.0,859314.99,267633.34,19354.0,286987.34,572327.6499999999
2022-11-01,350933.63,221050.38,317019.62,0.0,889003.63,257078.79,24719.0,281797.79000000004,607205.84
2022-12-01,357125.63,228970.6,330982.23,0.0,917078.4600000001,246432.44,39135.0,285567.44,631511.02
2023-01-01,352934.41000000003,225466.92,344962.02,0.0,923363.35,235692.28,26110.0,261802.28,661561.07
2023-02-01,358438.41000000003,218849.61,359008.83999999997,0.0,936296.86,224858.31,9658.0,234516.31,701780.55
2023-03-01,216410.0,221539.6,395673.8,0.0,833623.4,863929.51,20633.0,884562.51,-50939.109999999986
2023-04-01,284960.0,219320.47,450676.28,0.0,954956.75,844287.88,21324.0,865611.88,89344.87
2023-05-01,273304.0,247169.83,465747.38,0.0,986221.21,824484.8,18658.0,843142.8,143078.40999999992
2023-06-01,277362.0,264610.22,480908.56,0.0,1022880.78,804518.37,28608.0,833126.37,189754.41000000003
2023-07-01,304135.0,284939.91,500480.06,0.0,1089554.97,784388.59,15484.0,799872.59,289682.38
2023-08-01,347890.0,287851.57,520054.57,0.0,1155796.1400000001,764094.48,17505.0,781599.48,374196.66000000015
2023-09-01,385438.0,317660.02,539830.5800000001,0.0,1242928.6,743634.0,16903.0,760537.0,482391.6000000001
2023-10-01,413103.0,324795.23,559576.27,0.0,1297474.5,723005.1599999999,87648.0,810653.1599999999,486821.3400000001
2023-11-01,366256.0,336598.07,579257.06,0.0,1282111.13,702206.92,21162.0,723368.92,558742.2099999998
2023-12-01,401086.0,365743.33,598927.13,0.0,1365756.46,681238.28,21602.0,702840.28,662916.1799999999
2024-01-01,433982.0,380648.25,618862.29,0.0,1433492.54,660097.25,32252.0,692349.25,741143.29
2024-02-01,453428.0,394633.96,638664.14,0.0,1486726.1,638783.78,29211.0,667994.78,818731.3200000001
2024-03-01,450220.0,410471.47,698395.69,0.0,1559087.16,617293.9,13120.0,630413.9,928673.2599999999
2024-04-01,548407.0,423292.83,809949.85,0.0,1781649.6800000002,595628.5599999999,77220.0,672848.5599999999,1108801.12
2024-05-01,526480.0,443989.49,831453.34,0.0,1801922.83,573785.77,15149.0,588934.77,1212988.06
2024-06-01,553488.0,486394.27,852868.39,0.0,1892750.6600000001,551763.52,22790.0,574553.52,1318197.1400000001
2024-07-01,589129.63,479989.81,874365.7,0.0,1943485.1400000001,529560.78,17931.0,547491.78,1395993.36
2024-08-01,586738.63,457807.55,895765.73,39108.0,1979419.9100000001,507175.56,16946.0,524121.56,1455298.35
2024-09-01,632251.63,482723.07,917670.65,38248.5,2070893.85,484581.75,23968.0,508549.75,1562344.1
2024-10-01,670335.41,490979.45,939211.53,38929.5,2139455.8899999997,474723.36,26659.0,501382.36,1638073.5299999998
2024-11-01,460309.41000000003,748982.9,960690.42,39867.0,2209849.73,464790.43,22929.0,487719.43,1722130.3
2024-12-01,508059.41000000003,791244.59,982010.78,39891.0,2321205.7800000003,454782.93,98853.0,553635.9299999999,1767569.8500000003
2025-01-01,481336.9,817704.46,1003340.39,40321.5,2342703.25,444700.87,35409.0,480109.87,1862593.38
2025-02-01,479435.9,811629.47,1025142.04,73215.9,2389423.31,434543.26,15908.0,450451.26,1938972.05
2025-03-01,510184.9,840319.68,1113331.94,73175.4,2537011.92,424309.07,13864.0,438173.07,2098838.85
2025-04-01,639896.66,792219.48,1226408.1600000001,74193.3,2732717.6,413998.32,16974.0,430972.32,2301745.2800000003
2025-05-01,458734.66000000003,993250.63,1249988.32,70529.4,2772503.01,403609.99,19014.0,422623.99,2349879.0199999996
2025-06-01,514679.66000000003,1056199.6,1273163.51,72387.0,2916429.7700000005,393144.07,82828.0,475972.07,2440457.7000000007
2025-07-01,516229.24,1092241.54,1296171.37,75319.2,2979961.3500000006,382599.58,18884.0,401483.58,2578477.7700000005
2025-08-01,581425.24,1193318.16,1319586.37,74925.0,3169254.77,371976.5,17087.0,389063.5,2780191.27
2025-09-01,647984.24,1216059.35,1342769.42,77619.6,3284432.6100000003,361272.82,29287.0,390559.82,2893872.7900000005
2025-10-01,695542.21,1217926.9,1366230.02,76005.0,3355704.13,350489.55,30641.0,381130.55,2974573.58
2025-11-01,472042.21,1445211.06,1389353.15,114254.4,3420860.82,339625.67,28248.0,367873.67,3052987.15
2025-12-01,535921.21,1469288.17,1413158.4,114644.4,3533012.1799999997,328680.19,30090.0,358770.19,3174241.9899999998
2026-01-01,596845.1799999999,1457738.04,1436599.54,113061.0,3604243.7600000002,317652.1,41636.0,359288.1,3244955.66
2026-02-01,641743.1799999999,1492494.16,1460043.76,112382.4,3706663.5,306541.39,110502.0,417043.39,3289620.11
2026-03-01,598997.1799999999,1434524.79,1580548.87,118294.8,3732365.64,295347.06,18896.0,314243.06,3418122.58
2026-04-01,750068.72,1426973.64,1695688.74,119847.0,3992578.1,284069.1,20138.0,304207.1,3688371.0
2026-05-01,494713.72,1883036.29,1720706.28,119457.0,4217913.290000001,272706.52,21761.0,294467.52,3923445.770000001
2026-06-01,554823.72,1870192.61,1745629.3,122448.3,4293093.93,261259.3,23421.0,284680.3,4008413.63
2026-07-01,628734.45,1908792.08,1771202.16,120053.7,4428782.390000001,249725.44,22985.0,272710.44,4156071.9500000007
2026-08-01,700461.45,1988852.76,1796579.76,119897.7,4605791.67,238104.94,22140.0,260244.94,4345546.7299999995
2026-09-01,772090.45,1931541.33,1821728.21,125061.3,4650421.29,226397.79,21734.0,248131.79,4402289.5
