month,stage,source,target,amount
2021-10-01,1,Gross pay,Income tax,13728.0
2021-10-01,1,Gross pay,Professional tax,200.0
2021-10-01,1,Gross pay,Provident fund,5534.0
2021-10-01,1,Gross pay,Take-home pay,95837.0
2021-10-01,2,Take-home pay,Money in,95837.0
2021-10-01,3,Money in,Cash saved,3002.0
2021-10-01,3,Money in,Discretionary,43797.0
2021-10-01,3,Money in,Fixed costs,43038.0
2021-10-01,3,Money in,Investments,6000.0
2021-10-01,4,Discretionary,Cash withdrawal,2500.0
2021-10-01,4,Discretionary,Dining and delivery,4243.0
2021-10-01,4,Discretionary,Entertainment,1864.0
2021-10-01,4,Discretionary,Gifts and festivals,10326.0
2021-10-01,4,Discretionary,Groceries,8350.0
2021-10-01,4,Discretionary,Health,2957.0
2021-10-01,4,Discretionary,Shopping,11215.0
2021-10-01,4,Discretionary,Transport,2342.0
2021-10-01,4,Fixed costs,Family support,6000.0
2021-10-01,4,Fixed costs,Household help,3000.0
2021-10-01,4,Fixed costs,Loan EMIs,12896.0
2021-10-01,4,Fixed costs,Rent,15000.0
2021-10-01,4,Fixed costs,Subscriptions,3097.0
2021-10-01,4,Fixed costs,Utilities,3045.0
2021-10-01,4,Investments,Equity fund,6000.0
2021-11-01,1,Gross pay,Income tax,13728.0
2021-11-01,1,Gross pay,Professional tax,200.0
2021-11-01,1,Gross pay,Provident fund,5534.0
2021-11-01,1,Gross pay,Take-home pay,95837.0
2021-11-01,2,Take-home pay,Money in,95837.0
2021-11-01,3,Money in,Cash saved,4979.0
2021-11-01,3,Money in,Discretionary,41790.0
2021-11-01,3,Money in,Fixed costs,43068.0
2021-11-01,3,Money in,Investments,6000.0
2021-11-01,4,Discretionary,Cash withdrawal,3000.0
2021-11-01,4,Discretionary,Dining and delivery,4565.0
2021-11-01,4,Discretionary,Entertainment,1703.0
2021-11-01,4,Discretionary,Gifts and festivals,10618.0
2021-11-01,4,Discretionary,Groceries,8164.0
2021-11-01,4,Discretionary,Health,582.0
2021-11-01,4,Discretionary,Shopping,10656.0
2021-11-01,4,Discretionary,Transport,2502.0
2021-11-01,4,Fixed costs,Family support,6000.0
2021-11-01,4,Fixed costs,Household help,3000.0
2021-11-01,4,Fixed costs,Loan EMIs,12896.0
2021-11-01,4,Fixed costs,Rent,15000.0
2021-11-01,4,Fixed costs,Subscriptions,3107.0
2021-11-01,4,Fixed costs,Utilities,3065.0
2021-11-01,4,Investments,Equity fund,6000.0
2021-12-01,1,Gross pay,Income tax,13728.0
2021-12-01,1,Gross pay,Professional tax,200.0
2021-12-01,1,Gross pay,Provident fund,5534.0
2021-12-01,1,Gross pay,Take-home pay,95837.0
2021-12-01,2,Cash drawn down,Money in,19460.0
2021-12-01,2,Other income,Money in,174.0
2021-12-01,2,Take-home pay,Money in,95837.0
2021-12-01,3,Money in,Discretionary,66325.0
2021-12-01,3,Money in,Fixed costs,43146.0
2021-12-01,3,Money in,Investments,6000.0
2021-12-01,4,Discretionary,Cash withdrawal,3000.0
2021-12-01,4,Discretionary,Dining and delivery,7069.0
2021-12-01,4,Discretionary,Entertainment,1838.0
2021-12-01,4,Discretionary,Groceries,8109.0
2021-12-01,4,Discretionary,Health,641.0
2021-12-01,4,Discretionary,Shopping,4989.0
2021-12-01,4,Discretionary,Transport,2679.0
2021-12-01,4,Discretionary,Travel,38000.0
2021-12-01,4,Fixed costs,Family support,6100.0
2021-12-01,4,Fixed costs,Household help,3000.0
2021-12-01,4,Fixed costs,Loan EMIs,12896.0
2021-12-01,4,Fixed costs,Rent,15000.0
2021-12-01,4,Fixed costs,Subscriptions,3117.0
2021-12-01,4,Fixed costs,Utilities,3033.0
2021-12-01,4,Investments,Equity fund,6000.0
2022-01-01,1,Gross pay,Income tax,13728.0
2022-01-01,1,Gross pay,Professional tax,200.0
2022-01-01,1,Gross pay,Provident fund,5534.0
2022-01-01,1,Gross pay,Take-home pay,95837.0
2022-01-01,2,Other income,Money in,364.0
2022-01-01,2,Take-home pay,Money in,95837.0
2022-01-01,3,Money in,Cash saved,9334.0
2022-01-01,3,Money in,Discretionary,23458.0
2022-01-01,3,Money in,Fixed costs,57409.0
2022-01-01,3,Money in,Investments,6000.0
2022-01-01,4,Discretionary,Cash withdrawal,3000.0
2022-01-01,4,Discretionary,Dining and delivery,5648.0
2022-01-01,4,Discretionary,Entertainment,504.0
2022-01-01,4,Discretionary,Groceries,8750.0
2022-01-01,4,Discretionary,Health,708.0
2022-01-01,4,Discretionary,Shopping,1927.0
2022-01-01,4,Discretionary,Transport,2921.0
2022-01-01,4,Fixed costs,Family support,6100.0
2022-01-01,4,Fixed costs,Household help,3000.0
2022-01-01,4,Fixed costs,Insurance,14500.0
2022-01-01,4,Fixed costs,Loan EMIs,12896.0
2022-01-01,4,Fixed costs,Rent,15000.0
2022-01-01,4,Fixed costs,Subscriptions,3127.0
2022-01-01,4,Fixed costs,Utilities,2786.0
2022-01-01,4,Investments,Equity fund,6000.0
2022-02-01,1,Gross pay,Income tax,13728.0
2022-02-01,1,Gross pay,Professional tax,200.0
2022-02-01,1,Gross pay,Provident fund,5534.0
2022-02-01,1,Gross pay,Take-home pay,95837.0
2022-02-01,2,Take-home pay,Money in,95837.0
2022-02-01,3,Money in,Cash saved,24048.0
2022-02-01,3,Money in,Discretionary,22845.0
2022-02-01,3,Money in,Fixed costs,42944.0
2022-02-01,3,Money in,Investments,6000.0
2022-02-01,4,Discretionary,Cash withdrawal,2500.0
2022-02-01,4,Discretionary,Dining and delivery,5244.0
2022-02-01,4,Discretionary,Entertainment,532.0
2022-02-01,4,Discretionary,Groceries,6573.0
2022-02-01,4,Discretionary,Health,382.0
2022-02-01,4,Discretionary,Shopping,4847.0
2022-02-01,4,Discretionary,Transport,2767.0
2022-02-01,4,Fixed costs,Family support,6100.0
2022-02-01,4,Fixed costs,Household help,3100.0
2022-02-01,4,Fixed costs,Loan EMIs,12896.0
2022-02-01,4,Fixed costs,Rent,15000.0
2022-02-01,4,Fixed costs,Subscriptions,3137.0
2022-02-01,4,Fixed costs,Utilities,2711.0
2022-02-01,4,Investments,Equity fund,6000.0
2022-03-01,1,Gross pay,Income tax,13728.0
2022-03-01,1,Gross pay,Professional tax,200.0
2022-03-01,1,Gross pay,Provident fund,5534.0
2022-03-01,1,Gross pay,Take-home pay,95837.0
2022-03-01,2,Other income,Money in,113.0
2022-03-01,2,Take-home pay,Money in,95837.0
2022-03-01,3,Money in,Cash saved,19256.0
2022-03-01,3,Money in,Discretionary,27755.0
2022-03-01,3,Money in,Fixed costs,42939.0
2022-03-01,3,Money in,Investments,6000.0
2022-03-01,4,Discretionary,Cash withdrawal,3000.0
2022-03-01,4,Discretionary,Dining and delivery,6715.0
2022-03-01,4,Discretionary,Entertainment,603.0
2022-03-01,4,Discretionary,Groceries,8527.0
2022-03-01,4,Discretionary,Health,3048.0
2022-03-01,4,Discretionary,Shopping,3581.0
2022-03-01,4,Discretionary,Transport,2281.0
2022-03-01,4,Fixed costs,Family support,6100.0
2022-03-01,4,Fixed costs,Household help,3100.0
2022-03-01,4,Fixed costs,Loan EMIs,12896.0
2022-03-01,4,Fixed costs,Rent,15000.0
2022-03-01,4,Fixed costs,Subscriptions,3147.0
2022-03-01,4,Fixed costs,Utilities,2696.0
2022-03-01,4,Investments,Equity fund,6000.0
2022-04-01,1,Gross pay,Income tax,16461.0
2022-04-01,1,Gross pay,Professional tax,200.0
2022-04-01,1,Gross pay,Provident fund,6032.0
2022-04-01,1,Gross pay,Take-home pay,102983.0
2022-04-01,2,Bonus,Money in,87000.0
2022-04-01,2,Other income,Money in,89.0
2022-04-01,2,Take-home pay,Money in,102983.0
2022-04-01,3,Money in,Cash saved,10564.0
2022-04-01,3,Money in,Discretionary,25475.0
2022-04-01,3,Money in,Fixed costs,44433.0
2022-04-01,3,Money in,Investments,109600.0
2022-04-01,4,Discretionary,Cash withdrawal,3000.0
2022-04-01,4,Discretionary,Dining and delivery,5658.0
2022-04-01,4,Discretionary,Entertainment,703.0
2022-04-01,4,Discretionary,Groceries,8735.0
2022-04-01,4,Discretionary,Health,863.0
2022-04-01,4,Discretionary,Shopping,4338.0
2022-04-01,4,Discretionary,Transport,2178.0
2022-04-01,4,Fixed costs,Family support,6200.0
2022-04-01,4,Fixed costs,Household help,3100.0
2022-04-01,4,Fixed costs,Loan EMIs,12896.0
2022-04-01,4,Fixed costs,Rent,15000.0
2022-04-01,4,Fixed costs,Subscriptions,3167.0
2022-04-01,4,Fixed costs,Utilities,4070.0
2022-04-01,4,Investments,Debt fund,3000.0
2022-04-01,4,Investments,Equity fund,6600.0
2022-04-01,4,Investments,Fixed deposit,100000.0
2022-05-01,1,Gross pay,Income tax,16461.0
2022-05-01,1,Gross pay,Professional tax,200.0
2022-05-01,1,Gross pay,Provident fund,6032.0
2022-05-01,1,Gross pay,Take-home pay,102983.0
2022-05-01,2,Cash drawn down,Money in,92257.0
2022-05-01,2,Take-home pay,Money in,102983.0
2022-05-01,3,Money in,Discretionary,71066.0
2022-05-01,3,Money in,Fixed costs,44574.0
2022-05-01,3,Money in,Investments,79600.0
2022-05-01,4,Discretionary,Cash withdrawal,3000.0
2022-05-01,4,Discretionary,Dining and delivery,7055.0
2022-05-01,4,Discretionary,Entertainment,714.0
2022-05-01,4,Discretionary,Groceries,6890.0
2022-05-01,4,Discretionary,Health,646.0
2022-05-01,4,Discretionary,Shopping,4645.0
2022-05-01,4,Discretionary,Transport,3116.0
2022-05-01,4,Discretionary,Travel,45000.0
2022-05-01,4,Fixed costs,Family support,6200.0
2022-05-01,4,Fixed costs,Household help,3100.0
2022-05-01,4,Fixed costs,Loan EMIs,12896.0
2022-05-01,4,Fixed costs,Rent,15000.0
2022-05-01,4,Fixed costs,Subscriptions,3177.0
2022-05-01,4,Fixed costs,Utilities,4201.0
2022-05-01,4,Investments,Debt fund,3000.0
2022-05-01,4,Investments,Equity fund,76600.0
2022-06-01,1,Gross pay,Income tax,16461.0
2022-06-01,1,Gross pay,Professional tax,200.0
2022-06-01,1,Gross pay,Provident fund,6032.0
2022-06-01,1,Gross pay,Take-home pay,102983.0
2022-06-01,2,Take-home pay,Money in,102983.0
2022-06-01,3,Money in,Cash saved,10690.0
2022-06-01,3,Money in,Discretionary,26338.0
2022-06-01,3,Money in,Fixed costs,56355.0
2022-06-01,3,Money in,Investments,9600.0
2022-06-01,4,Discretionary,Cash withdrawal,2500.0
2022-06-01,4,Discretionary,Dining and delivery,7084.0
2022-06-01,4,Discretionary,Entertainment,1376.0
2022-06-01,4,Discretionary,Groceries,8874.0
2022-06-01,4,Discretionary,Health,509.0
2022-06-01,4,Discretionary,Shopping,3816.0
2022-06-01,4,Discretionary,Transport,2179.0
2022-06-01,4,Fixed costs,Family support,6200.0
2022-06-01,4,Fixed costs,Household help,3100.0
2022-06-01,4,Fixed costs,Insurance,11800.0
2022-06-01,4,Fixed costs,Loan EMIs,12896.0
2022-06-01,4,Fixed costs,Rent,15000.0
2022-06-01,4,Fixed costs,Subscriptions,3187.0
2022-06-01,4,Fixed costs,Utilities,4172.0
2022-06-01,4,Investments,Debt fund,3000.0
2022-06-01,4,Investments,Equity fund,6600.0
2022-07-01,1,Gross pay,Income tax,16461.0
2022-07-01,1,Gross pay,Professional tax,200.0
2022-07-01,1,Gross pay,Provident fund,6032.0
2022-07-01,1,Gross pay,Take-home pay,102983.0
2022-07-01,2,Take-home pay,Money in,102983.0
2022-07-01,3,Money in,Cash saved,23626.0
2022-07-01,3,Money in,Discretionary,26127.0
2022-07-01,3,Money in,Fixed costs,43630.0
2022-07-01,3,Money in,Investments,9600.0
2022-07-01,4,Discretionary,Cash withdrawal,2500.0
2022-07-01,4,Discretionary,Dining and delivery,4684.0
2022-07-01,4,Discretionary,Entertainment,2371.0
2022-07-01,4,Discretionary,Groceries,8998.0
2022-07-01,4,Discretionary,Health,414.0
2022-07-01,4,Discretionary,Shopping,4672.0
2022-07-01,4,Discretionary,Transport,2488.0
2022-07-01,4,Fixed costs,Family support,6300.0
2022-07-01,4,Fixed costs,Household help,3100.0
2022-07-01,4,Fixed costs,Loan EMIs,12896.0
2022-07-01,4,Fixed costs,Rent,15000.0
2022-07-01,4,Fixed costs,Subscriptions,3197.0
2022-07-01,4,Fixed costs,Utilities,3137.0
2022-07-01,4,Investments,Debt fund,3000.0
2022-07-01,4,Investments,Equity fund,6600.0
2022-08-01,1,Gross pay,Income tax,16461.0
2022-08-01,1,Gross pay,Professional tax,200.0
2022-08-01,1,Gross pay,Provident fund,6032.0
2022-08-01,1,Gross pay,Take-home pay,102983.0
2022-08-01,2,Take-home pay,Money in,102983.0
2022-08-01,3,Money in,Cash saved,22320.0
2022-08-01,3,Money in,Discretionary,27822.0
2022-08-01,3,Money in,Fixed costs,43241.0
2022-08-01,3,Money in,Investments,9600.0
2022-08-01,4,Discretionary,Cash withdrawal,3000.0
2022-08-01,4,Discretionary,Dining and delivery,5144.0
2022-08-01,4,Discretionary,Entertainment,1373.0
2022-08-01,4,Discretionary,Groceries,8852.0
2022-08-01,4,Discretionary,Health,592.0
2022-08-01,4,Discretionary,Shopping,6419.0
2022-08-01,4,Discretionary,Transport,2442.0
2022-08-01,4,Fixed costs,Family support,6300.0
2022-08-01,4,Fixed costs,Household help,3100.0
2022-08-01,4,Fixed costs,Loan EMIs,12896.0
2022-08-01,4,Fixed costs,Rent,15000.0
2022-08-01,4,Fixed costs,Subscriptions,3207.0
2022-08-01,4,Fixed costs,Utilities,2738.0
2022-08-01,4,Investments,Debt fund,3000.0
2022-08-01,4,Investments,Equity fund,6600.0
2022-09-01,1,Gross pay,Income tax,16461.0
2022-09-01,1,Gross pay,Professional tax,200.0
2022-09-01,1,Gross pay,Provident fund,6032.0
2022-09-01,1,Gross pay,Take-home pay,102983.0
2022-09-01,2,Take-home pay,Money in,102983.0
2022-09-01,3,Money in,Cash saved,19203.0
2022-09-01,3,Money in,Discretionary,30700.0
2022-09-01,3,Money in,Fixed costs,43480.0
2022-09-01,3,Money in,Investments,9600.0
2022-09-01,4,Discretionary,Cash withdrawal,2000.0
2022-09-01,4,Discretionary,Dining and delivery,6451.0
2022-09-01,4,Discretionary,Entertainment,1298.0
2022-09-01,4,Discretionary,Groceries,8865.0
2022-09-01,4,Discretionary,Health,2946.0
2022-09-01,4,Discretionary,Shopping,6566.0
2022-09-01,4,Discretionary,Transport,2574.0
2022-09-01,4,Fixed costs,Family support,6300.0
2022-09-01,4,Fixed costs,Household help,3200.0
2022-09-01,4,Fixed costs,Loan EMIs,12896.0
2022-09-01,4,Fixed costs,Rent,15000.0
2022-09-01,4,Fixed costs,Subscriptions,3217.0
2022-09-01,4,Fixed costs,Utilities,2867.0
2022-09-01,4,Investments,Debt fund,3000.0
2022-09-01,4,Investments,Equity fund,6600.0
2022-10-01,1,Gross pay,Income tax,16461.0
2022-10-01,1,Gross pay,Professional tax,200.0
2022-10-01,1,Gross pay,Provident fund,6032.0
2022-10-01,1,Gross pay,Take-home pay,102983.0
2022-10-01,2,Other income,Money in,141.0
2022-10-01,2,Take-home pay,Money in,102983.0
2022-10-01,3,Money in,Cash saved,5469.0
2022-10-01,3,Money in,Discretionary,43406.0
2022-10-01,3,Money in,Fixed costs,44649.0
2022-10-01,3,Money in,Investments,9600.0
2022-10-01,4,Discretionary,Cash withdrawal,2000.0
2022-10-01,4,Discretionary,Dining and delivery,5125.0
2022-10-01,4,Discretionary,Entertainment,2220.0
2022-10-01,4,Discretionary,Gifts and festivals,12362.0
2022-10-01,4,Discretionary,Groceries,8524.0
2022-10-01,4,Discretionary,Health,411.0
2022-10-01,4,Discretionary,Shopping,9999.0
2022-10-01,4,Discretionary,Transport,2765.0
2022-10-01,4,Fixed costs,Family support,6400.0
2022-10-01,4,Fixed costs,Household help,3200.0
2022-10-01,4,Fixed costs,Loan EMIs,12896.0
2022-10-01,4,Fixed costs,Rent,15800.0
2022-10-01,4,Fixed costs,Subscriptions,3227.0
2022-10-01,4,Fixed costs,Utilities,3126.0
2022-10-01,4,Investments,Debt fund,3000.0
2022-10-01,4,Investments,Equity fund,6600.0
2022-11-01,1,Gross pay,Income tax,16461.0
2022-11-01,1,Gross pay,Professional tax,200.0
2022-11-01,1,Gross pay,Provident fund,6032.0
2022-11-01,1,Gross pay,Take-home pay,102983.0
2022-11-01,2,Cash drawn down,Money in,18090.0
2022-11-01,2,Take-home pay,Money in,102983.0
2022-11-01,3,Money in,Discretionary,47174.0
2022-11-01,3,Money in,Fixed costs,44299.0
2022-11-01,3,Money in,Investments,29600.0
2022-11-01,4,Discretionary,Cash withdrawal,2500.0
2022-11-01,4,Discretionary,Dining and delivery,7485.0
2022-11-01,4,Discretionary,Entertainment,846.0
2022-11-01,4,Discretionary,Gifts and festivals,8099.0
2022-11-01,4,Discretionary,Groceries,7895.0
2022-11-01,4,Discretionary,Health,2468.0
2022-11-01,4,Discretionary,Shopping,14641.0
2022-11-01,4,Discretionary,Transport,3240.0
2022-11-01,4,Fixed costs,Family support,6400.0
2022-11-01,4,Fixed costs,Household help,3200.0
2022-11-01,4,Fixed costs,Loan EMIs,12896.0
2022-11-01,4,Fixed costs,Rent,15800.0
2022-11-01,4,Fixed costs,Subscriptions,3237.0
2022-11-01,4,Fixed costs,Utilities,2766.0
2022-11-01,4,Investments,Debt fund,3000.0
2022-11-01,4,Investments,Equity fund,26600.0
2022-12-01,1,Gross pay,Income tax,16461.0
2022-12-01,1,Gross pay,Professional tax,200.0
2022-12-01,1,Gross pay,Provident fund,6032.0
2022-12-01,1,Gross pay,Take-home pay,102983.0
2022-12-01,2,Cash drawn down,Money in,8224.0
2022-12-01,2,Other income,Money in,315.0
2022-12-01,2,Take-home pay,Money in,102983.0
2022-12-01,3,Money in,Discretionary,57549.0
2022-12-01,3,Money in,Fixed costs,44373.0
2022-12-01,3,Money in,Investments,9600.0
2022-12-01,4,Discretionary,Cash withdrawal,3000.0
2022-12-01,4,Discretionary,Dining and delivery,7465.0
2022-12-01,4,Discretionary,Entertainment,657.0
2022-12-01,4,Discretionary,Groceries,8807.0
2022-12-01,4,Discretionary,Health,542.0
2022-12-01,4,Discretionary,Shopping,4483.0
2022-12-01,4,Discretionary,Transport,2595.0
2022-12-01,4,Discretionary,Travel,30000.0
2022-12-01,4,Fixed costs,Family support,6400.0
2022-12-01,4,Fixed costs,Household help,3200.0
2022-12-01,4,Fixed costs,Loan EMIs,12896.0
2022-12-01,4,Fixed costs,Rent,15800.0
2022-12-01,4,Fixed costs,Subscriptions,3247.0
2022-12-01,4,Fixed costs,Utilities,2830.0
2022-12-01,4,Investments,Debt fund,3000.0
2022-12-01,4,Investments,Equity fund,6600.0
2023-01-01,1,Gross pay,Income tax,16461.0
2023-01-01,1,Gross pay,Professional tax,200.0
2023-01-01,1,Gross pay,Provident fund,6032.0
2023-01-01,1,Gross pay,Take-home pay,102983.0
2023-01-01,2,Take-home pay,Money in,102983.0
2023-01-01,3,Money in,Cash saved,7022.0
2023-01-01,3,Money in,Discretionary,25958.0
2023-01-01,3,Money in,Fixed costs,60403.0
2023-01-01,3,Money in,Investments,9600.0
2023-01-01,4,Discretionary,Cash withdrawal,2500.0
2023-01-01,4,Discretionary,Dining and delivery,5092.0
2023-01-01,4,Discretionary,Entertainment,1671.0
2023-01-01,4,Discretionary,Groceries,9146.0
2023-01-01,4,Discretionary,Health,1503.0
2023-01-01,4,Discretionary,Shopping,2871.0
2023-01-01,4,Discretionary,Transport,3175.0
2023-01-01,4,Fixed costs,Family support,6500.0
2023-01-01,4,Fixed costs,Household help,3200.0
2023-01-01,4,Fixed costs,Insurance,15660.0
2023-01-01,4,Fixed costs,Loan EMIs,12896.0
2023-01-01,4,Fixed costs,Rent,15800.0
2023-01-01,4,Fixed costs,Subscriptions,3267.0
2023-01-01,4,Fixed costs,Utilities,3080.0
2023-01-01,4,Investments,Debt fund,3000.0
2023-01-01,4,Investments,Equity fund,6600.0
2023-02-01,1,Gross pay,Income tax,16461.0
2023-02-01,1,Gross pay,Professional tax,200.0
2023-02-01,1,Gross pay,Provident fund,6032.0
2023-02-01,1,Gross pay,Take-home pay,102983.0
2023-02-01,2,Take-home pay,Money in,102983.0
2023-02-01,3,Money in,Cash saved,21956.0
2023-02-01,3,Money in,Discretionary,26557.0
2023-02-01,3,Money in,Fixed costs,44870.0
2023-02-01,3,Money in,Investments,9600.0
2023-02-01,4,Discretionary,Cash withdrawal,2500.0
2023-02-01,4,Discretionary,Dining and delivery,7403.0
2023-02-01,4,Discretionary,Entertainment,853.0
2023-02-01,4,Discretionary,Groceries,8904.0
2023-02-01,4,Discretionary,Health,846.0
2023-02-01,4,Discretionary,Shopping,2718.0
2023-02-01,4,Discretionary,Transport,3333.0
2023-02-01,4,Fixed costs,Family support,6500.0
2023-02-01,4,Fixed costs,Household help,3200.0
2023-02-01,4,Fixed costs,Loan EMIs,12896.0
2023-02-01,4,Fixed costs,Rent,15800.0
2023-02-01,4,Fixed costs,Subscriptions,3277.0
2023-02-01,4,Fixed costs,Utilities,3197.0
2023-02-01,4,Investments,Debt fund,3000.0
2023-02-01,4,Investments,Equity fund,6600.0
2023-03-01,1,Gross pay,Income tax,16461.0
2023-03-01,1,Gross pay,Professional tax,200.0
2023-03-01,1,Gross pay,Provident fund,6032.0
2023-03-01,1,Gross pay,Take-home pay,102983.0
2023-03-01,2,Cash drawn down,Money in,47661.0
2023-03-01,2,Savings withdrawn,Money in,105342.0
2023-03-01,2,Take-home pay,Money in,102983.0
2023-03-01,3,Money in,Discretionary,180171.0
2023-03-01,3,Money in,Fixed costs,66215.0
2023-03-01,3,Money in,Investments,9600.0
2023-03-01,4,Discretionary,Cash withdrawal,3000.0
2023-03-01,4,Discretionary,Dining and delivery,7469.0
2023-03-01,4,Discretionary,Entertainment,1893.0
2023-03-01,4,Discretionary,Groceries,8487.0
2023-03-01,4,Discretionary,Health,420.0
2023-03-01,4,Discretionary,Shopping,3621.0
2023-03-01,4,Discretionary,Transport,5281.0
2023-03-01,4,Discretionary,Vehicle purchase,150000.0
2023-03-01,4,Fixed costs,Family support,6500.0
2023-03-01,4,Fixed costs,Household help,3300.0
2023-03-01,4,Fixed costs,Insurance,21500.0
2023-03-01,4,Fixed costs,Loan EMIs,12896.0
2023-03-01,4,Fixed costs,Rent,15800.0
2023-03-01,4,Fixed costs,Subscriptions,3287.0
2023-03-01,4,Fixed costs,Utilities,2932.0
2023-03-01,4,Investments,Debt fund,3000.0
2023-03-01,4,Investments,Equity fund,6600.0
2023-04-01,1,Gross pay,Income tax,15048.0
2023-04-01,1,Gross pay,Professional tax,200.0
2023-04-01,1,Gross pay,Provident fund,6515.0
2023-04-01,1,Gross pay,Take-home pay,113967.0
2023-04-01,2,Bonus,Money in,94830.0
2023-04-01,2,Other income,Money in,289.0
2023-04-01,2,Take-home pay,Money in,113967.0
2023-04-01,3,Money in,Cash saved,67859.0
2023-04-01,3,Money in,Discretionary,30644.0
2023-04-01,3,Money in,Fixed costs,60283.0
2023-04-01,3,Money in,Investments,50300.0
2023-04-01,4,Discretionary,Cash withdrawal,3000.0
2023-04-01,4,Discretionary,Dining and delivery,6477.0
2023-04-01,4,Discretionary,Entertainment,696.0
2023-04-01,4,Discretionary,Groceries,7860.0
2023-04-01,4,Discretionary,Health,2236.0
2023-04-01,4,Discretionary,Shopping,5611.0
2023-04-01,4,Discretionary,Transport,4764.0
2023-04-01,4,Fixed costs,Family support,6500.0
2023-04-01,4,Fixed costs,Household help,3300.0
2023-04-01,4,Fixed costs,Loan EMIs,26389.0
2023-04-01,4,Fixed costs,Rent,15800.0
2023-04-01,4,Fixed costs,Subscriptions,3297.0
2023-04-01,4,Fixed costs,Utilities,4997.0
2023-04-01,4,Investments,Debt fund,3000.0
2023-04-01,4,Investments,Equity fund,7300.0
2023-04-01,4,Investments,PPF,40000.0
2023-05-01,1,Gross pay,Income tax,15048.0
2023-05-01,1,Gross pay,Professional tax,200.0
2023-05-01,1,Gross pay,Provident fund,6515.0
2023-05-01,1,Gross pay,Take-home pay,113967.0
2023-05-01,2,Cash drawn down,Money in,8990.0
2023-05-01,2,Take-home pay,Money in,113967.0
2023-05-01,3,Money in,Discretionary,32373.0
2023-05-01,3,Money in,Fixed costs,60284.0
2023-05-01,3,Money in,Investments,30300.0
2023-05-01,4,Discretionary,Cash withdrawal,3000.0
2023-05-01,4,Discretionary,Dining and delivery,7434.0
2023-05-01,4,Discretionary,Entertainment,1494.0
2023-05-01,4,Discretionary,Groceries,7953.0
2023-05-01,4,Discretionary,Health,557.0
2023-05-01,4,Discretionary,Shopping,6127.0
2023-05-01,4,Discretionary,Transport,5808.0
2023-05-01,4,Fixed costs,Family support,6600.0
2023-05-01,4,Fixed costs,Household help,3300.0
2023-05-01,4,Fixed costs,Loan EMIs,26389.0
2023-05-01,4,Fixed costs,Rent,15800.0
2023-05-01,4,Fixed costs,Subscriptions,3307.0
2023-05-01,4,Fixed costs,Utilities,4888.0
2023-05-01,4,Investments,Debt fund,3000.0
2023-05-01,4,Investments,Equity fund,27300.0
2023-06-01,1,Gross pay,Income tax,15048.0
2023-06-01,1,Gross pay,Professional tax,200.0
2023-06-01,1,Gross pay,Provident fund,6515.0
2023-06-01,1,Gross pay,Take-home pay,113967.0
2023-06-01,2,Cash drawn down,Money in,5892.0
2023-06-01,2,Other income,Money in,318.0
2023-06-01,2,Take-home pay,Money in,113967.0
2023-06-01,3,Money in,Discretionary,38142.0
2023-06-01,3,Money in,Fixed costs,71735.0
2023-06-01,3,Money in,Investments,10300.0
2023-06-01,4,Discretionary,Cash withdrawal,3000.0
2023-06-01,4,Discretionary,Dining and delivery,6334.0
2023-06-01,4,Discretionary,Entertainment,1974.0
2023-06-01,4,Discretionary,Groceries,7243.0
2023-06-01,4,Discretionary,Health,785.0
2023-06-01,4,Discretionary,Shopping,4001.0
2023-06-01,4,Discretionary,Transport,14805.0
2023-06-01,4,Fixed costs,Family support,6600.0
2023-06-01,4,Fixed costs,Household help,3300.0
2023-06-01,4,Fixed costs,Insurance,11800.0
2023-06-01,4,Fixed costs,Loan EMIs,26389.0
2023-06-01,4,Fixed costs,Rent,15800.0
2023-06-01,4,Fixed costs,Subscriptions,3317.0
2023-06-01,4,Fixed costs,Utilities,4529.0
2023-06-01,4,Investments,Debt fund,3000.0
2023-06-01,4,Investments,Equity fund,7300.0
2023-07-01,1,Gross pay,Income tax,29869.0
2023-07-01,1,Gross pay,Professional tax,200.0
2023-07-01,1,Gross pay,Provident fund,8795.0
2023-07-01,1,Gross pay,Take-home pay,144371.0
2023-07-01,2,Take-home pay,Money in,144371.0
2023-07-01,3,Money in,Cash saved,39897.0
2023-07-01,3,Money in,Discretionary,27904.0
2023-07-01,3,Money in,Fixed costs,58570.0
2023-07-01,3,Money in,Investments,18000.0
2023-07-01,4,Discretionary,Cash withdrawal,3000.0
2023-07-01,4,Discretionary,Dining and delivery,5695.0
2023-07-01,4,Discretionary,Entertainment,1823.0
2023-07-01,4,Discretionary,Groceries,7239.0
2023-07-01,4,Discretionary,Health,481.0
2023-07-01,4,Discretionary,Shopping,3624.0
2023-07-01,4,Discretionary,Transport,6042.0
2023-07-01,4,Fixed costs,Family support,6600.0
2023-07-01,4,Fixed costs,Household help,3300.0
2023-07-01,4,Fixed costs,Loan EMIs,26389.0
2023-07-01,4,Fixed costs,Rent,15800.0
2023-07-01,4,Fixed costs,Subscriptions,3337.0
2023-07-01,4,Fixed costs,Utilities,3144.0
2023-07-01,4,Investments,Debt fund,3000.0
2023-07-01,4,Investments,Equity fund,15000.0
2023-08-01,1,Gross pay,Income tax,29869.0
2023-08-01,1,Gross pay,Professional tax,200.0
2023-08-01,1,Gross pay,Provident fund,8795.0
2023-08-01,1,Gross pay,Take-home pay,144371.0
2023-08-01,2,Take-home pay,Money in,144371.0
2023-08-01,3,Money in,Cash saved,41734.0
2023-08-01,3,Money in,Discretionary,26099.0
2023-08-01,3,Money in,Fixed costs,58538.0
2023-08-01,3,Money in,Investments,18000.0
2023-08-01,4,Discretionary,Cash withdrawal,2000.0
2023-08-01,4,Discretionary,Dining and delivery,5585.0
2023-08-01,4,Discretionary,Entertainment,684.0
2023-08-01,4,Discretionary,Groceries,7767.0
2023-08-01,4,Discretionary,Health,841.0
2023-08-01,4,Discretionary,Shopping,3718.0
2023-08-01,4,Discretionary,Transport,5504.0
2023-08-01,4,Fixed costs,Family support,6700.0
2023-08-01,4,Fixed costs,Household help,3300.0
2023-08-01,4,Fixed costs,Loan EMIs,26389.0
2023-08-01,4,Fixed costs,Rent,15800.0
2023-08-01,4,Fixed costs,Subscriptions,3347.0
2023-08-01,4,Fixed costs,Utilities,3002.0
2023-08-01,4,Investments,Debt fund,3000.0
2023-08-01,4,Investments,Equity fund,15000.0
2023-09-01,1,Gross pay,Income tax,29869.0
2023-09-01,1,Gross pay,Professional tax,200.0
2023-09-01,1,Gross pay,Provident fund,8795.0
2023-09-01,1,Gross pay,Take-home pay,144371.0
2023-09-01,2,Other income,Money in,227.0
2023-09-01,2,Take-home pay,Money in,144371.0
2023-09-01,3,Money in,Cash saved,38150.0
2023-09-01,3,Money in,Discretionary,29668.0
2023-09-01,3,Money in,Fixed costs,58780.0
2023-09-01,3,Money in,Investments,18000.0
2023-09-01,4,Discretionary,Cash withdrawal,2500.0
2023-09-01,4,Discretionary,Dining and delivery,5364.0
2023-09-01,4,Discretionary,Entertainment,1562.0
2023-09-01,4,Discretionary,Groceries,9434.0
2023-09-01,4,Discretionary,Health,711.0
2023-09-01,4,Discretionary,Shopping,4733.0
2023-09-01,4,Discretionary,Transport,5364.0
2023-09-01,4,Fixed costs,Family support,6700.0
2023-09-01,4,Fixed costs,Household help,3400.0
2023-09-01,4,Fixed costs,Loan EMIs,26389.0
2023-09-01,4,Fixed costs,Rent,15800.0
2023-09-01,4,Fixed costs,Subscriptions,3357.0
2023-09-01,4,Fixed costs,Utilities,3134.0
2023-09-01,4,Investments,Debt fund,3000.0
2023-09-01,4,Investments,Equity fund,15000.0
2023-10-01,1,Gross pay,Income tax,29869.0
2023-10-01,1,Gross pay,Professional tax,200.0
2023-10-01,1,Gross pay,Provident fund,8795.0
2023-10-01,1,Gross pay,Take-home pay,144371.0
2023-10-01,2,Cash drawn down,Money in,43080.0
2023-10-01,2,Other income,Money in,290.0
2023-10-01,2,Take-home pay,Money in,144371.0
2023-10-01,3,Money in,Discretionary,110208.0
2023-10-01,3,Money in,Fixed costs,59533.0
2023-10-01,3,Money in,Investments,18000.0
2023-10-01,4,Discretionary,Cash withdrawal,3000.0
2023-10-01,4,Discretionary,Dining and delivery,7389.0
2023-10-01,4,Discretionary,Entertainment,638.0
2023-10-01,4,Discretionary,Gifts and festivals,7254.0
2023-10-01,4,Discretionary,Groceries,9211.0
2023-10-01,4,Discretionary,Health,1519.0
2023-10-01,4,Discretionary,Shopping,13301.0
2023-10-01,4,Discretionary,Transport,5896.0
2023-10-01,4,Discretionary,Travel,62000.0
2023-10-01,4,Fixed costs,Family support,6700.0
2023-10-01,4,Fixed costs,Household help,3400.0
2023-10-01,4,Fixed costs,Loan EMIs,26389.0
2023-10-01,4,Fixed costs,Rent,16600.0
2023-10-01,4,Fixed costs,Subscriptions,3367.0
2023-10-01,4,Fixed costs,Utilities,3077.0
2023-10-01,4,Investments,Debt fund,3000.0
2023-10-01,4,Investments,Equity fund,15000.0
2023-11-01,1,Gross pay,Income tax,29869.0
2023-11-01,1,Gross pay,Professional tax,200.0
2023-11-01,1,Gross pay,Provident fund,8795.0
2023-11-01,1,Gross pay,Take-home pay,144371.0
2023-11-01,2,Take-home pay,Money in,144371.0
2023-11-01,3,Money in,Cash saved,19639.0
2023-11-01,3,Money in,Discretionary,47026.0
2023-11-01,3,Money in,Fixed costs,59706.0
2023-11-01,3,Money in,Investments,18000.0
2023-11-01,4,Discretionary,Cash withdrawal,2000.0
2023-11-01,4,Discretionary,Dining and delivery,6161.0
2023-11-01,4,Discretionary,Entertainment,2135.0
2023-11-01,4,Discretionary,Gifts and festivals,12334.0
2023-11-01,4,Discretionary,Groceries,9028.0
2023-11-01,4,Discretionary,Health,1784.0
2023-11-01,4,Discretionary,Shopping,8007.0
2023-11-01,4,Discretionary,Transport,5577.0
2023-11-01,4,Fixed costs,Family support,6800.0
2023-11-01,4,Fixed costs,Household help,3400.0
2023-11-01,4,Fixed costs,Loan EMIs,26389.0
2023-11-01,4,Fixed costs,Rent,16600.0
2023-11-01,4,Fixed costs,Subscriptions,3377.0
2023-11-01,4,Fixed costs,Utilities,3140.0
2023-11-01,4,Investments,Debt fund,3000.0
2023-11-01,4,Investments,Equity fund,15000.0
2023-12-01,1,Gross pay,Income tax,29869.0
2023-12-01,1,Gross pay,Professional tax,200.0
2023-12-01,1,Gross pay,Provident fund,8795.0
2023-12-01,1,Gross pay,Take-home pay,144371.0
2023-12-01,2,Take-home pay,Money in,144371.0
2023-12-01,3,Money in,Cash saved,34390.0
2023-12-01,3,Money in,Discretionary,32096.0
2023-12-01,3,Money in,Fixed costs,59885.0
2023-12-01,3,Money in,Investments,18000.0
2023-12-01,4,Discretionary,Cash withdrawal,2000.0
2023-12-01,4,Discretionary,Dining and delivery,7126.0
2023-12-01,4,Discretionary,Entertainment,2858.0
2023-12-01,4,Discretionary,Groceries,7241.0
2023-12-01,4,Discretionary,Health,651.0
2023-12-01,4,Discretionary,Shopping,1379.0
2023-12-01,4,Discretionary,Transport,10841.0
2023-12-01,4,Fixed costs,Family support,6800.0
2023-12-01,4,Fixed costs,Household help,3400.0
2023-12-01,4,Fixed costs,Loan EMIs,26389.0
2023-12-01,4,Fixed costs,Rent,16600.0
2023-12-01,4,Fixed costs,Subscriptions,3397.0
2023-12-01,4,Fixed costs,Utilities,3299.0
2023-12-01,4,Investments,Debt fund,3000.0
2023-12-01,4,Investments,Equity fund,15000.0
2024-01-01,1,Gross pay,Income tax,29869.0
2024-01-01,1,Gross pay,Professional tax,200.0
2024-01-01,1,Gross pay,Provident fund,8795.0
2024-01-01,1,Gross pay,Take-home pay,144371.0
2024-01-01,2,Cash drawn down,Money in,77754.0
2024-01-01,2,Other income,Money in,263.0
2024-01-01,2,Take-home pay,Money in,144371.0
2024-01-01,3,Money in,Discretionary,27786.0
2024-01-01,3,Money in,Fixed costs,76602.0
2024-01-01,3,Money in,Investments,118000.0
2024-01-01,4,Discretionary,Cash withdrawal,2500.0
2024-01-01,4,Discretionary,Dining and delivery,5197.0
2024-01-01,4,Discretionary,Entertainment,1301.0
2024-01-01,4,Discretionary,Groceries,8370.0
2024-01-01,4,Discretionary,Health,566.0
2024-01-01,4,Discretionary,Shopping,4220.0
2024-01-01,4,Discretionary,Transport,5632.0
2024-01-01,4,Fixed costs,Family support,6800.0
2024-01-01,4,Fixed costs,Household help,3400.0
2024-01-01,4,Fixed costs,Insurance,16913.0
2024-01-01,4,Fixed costs,Loan EMIs,26389.0
2024-01-01,4,Fixed costs,Rent,16600.0
2024-01-01,4,Fixed costs,Subscriptions,3407.0
2024-01-01,4,Fixed costs,Utilities,3093.0
2024-01-01,4,Investments,Debt fund,3000.0
2024-01-01,4,Investments,Equity fund,15000.0
2024-01-01,4,Investments,Fixed deposit,100000.0
2024-02-01,1,Gross pay,Income tax,29869.0
2024-02-01,1,Gross pay,Professional tax,200.0
2024-02-01,1,Gross pay,Provident fund,8795.0
2024-02-01,1,Gross pay,Take-home pay,144371.0
2024-02-01,2,Take-home pay,Money in,144371.0
2024-02-01,3,Money in,Cash saved,22487.0
2024-02-01,3,Money in,Discretionary,43985.0
2024-02-01,3,Money in,Fixed costs,59899.0
2024-02-01,3,Money in,Investments,18000.0
2024-02-01,4,Discretionary,Cash withdrawal,3000.0
2024-02-01,4,Discretionary,Dining and delivery,6793.0
2024-02-01,4,Discretionary,Education,7800.0
2024-02-01,4,Discretionary,Entertainment,1201.0
2024-02-01,4,Discretionary,Groceries,8564.0
2024-02-01,4,Discretionary,Health,1473.0
2024-02-01,4,Discretionary,Shopping,9280.0
2024-02-01,4,Discretionary,Transport,5874.0
2024-02-01,4,Fixed costs,Family support,6900.0
2024-02-01,4,Fixed costs,Household help,3400.0
2024-02-01,4,Fixed costs,Loan EMIs,26389.0
2024-02-01,4,Fixed costs,Rent,16600.0
2024-02-01,4,Fixed costs,Subscriptions,3417.0
2024-02-01,4,Fixed costs,Utilities,3193.0
2024-02-01,4,Investments,Debt fund,3000.0
2024-02-01,4,Investments,Equity fund,15000.0
2024-03-01,1,Gross pay,Income tax,29869.0
2024-03-01,1,Gross pay,Professional tax,200.0
2024-03-01,1,Gross pay,Provident fund,8795.0
2024-03-01,1,Gross pay,Take-home pay,144371.0
2024-03-01,2,Other income,Money in,371.0
2024-03-01,2,Take-home pay,Money in,144371.0
2024-03-01,3,Money in,Cash saved,12883.0
2024-03-01,3,Money in,Discretionary,26998.0
2024-03-01,3,Money in,Fixed costs,86861.0
2024-03-01,3,Money in,Investments,18000.0
2024-03-01,4,Discretionary,Cash withdrawal,3000.0
2024-03-01,4,Discretionary,Dining and delivery,5392.0
2024-03-01,4,Discretionary,Entertainment,1475.0
2024-03-01,4,Discretionary,Groceries,8438.0
2024-03-01,4,Discretionary,Health,486.0
2024-03-01,4,Discretionary,Shopping,3295.0
2024-03-01,4,Discretionary,Transport,4912.0
2024-03-01,4,Fixed costs,Family support,6900.0
2024-03-01,4,Fixed costs,Household help,3500.0
2024-03-01,4,Fixed costs,Insurance,19350.0
2024-03-01,4,Fixed costs,Loan EMIs,26389.0
2024-03-01,4,Fixed costs,Rent,24000.0
2024-03-01,4,Fixed costs,Subscriptions,3427.0
2024-03-01,4,Fixed costs,Utilities,3295.0
2024-03-01,4,Investments,Debt fund,3000.0
2024-03-01,4,Investments,Equity fund,15000.0
2024-04-01,1,Gross pay,Income tax,33498.0
2024-04-01,1,Gross pay,Professional tax,200.0
2024-04-01,1,Gross pay,Provident fund,9587.0
2024-04-01,1,Gross pay,Take-home pay,156442.0
2024-04-01,2,Bonus,Money in,138262.0
2024-04-01,2,Other income,Money in,232.0
2024-04-01,2,Take-home pay,Money in,156442.0
2024-04-01,3,Money in,Cash saved,32337.0
2024-04-01,3,Money in,Discretionary,84349.0
2024-04-01,3,Money in,Fixed costs,68750.0
2024-04-01,3,Money in,Investments,109500.0
2024-04-01,4,Discretionary,Cash withdrawal,2500.0
2024-04-01,4,Discretionary,Dining and delivery,5493.0
2024-04-01,4,Discretionary,Entertainment,1448.0
2024-04-01,4,Discretionary,Groceries,9682.0
2024-04-01,4,Discretionary,Health,2212.0
2024-04-01,4,Discretionary,Shopping,9230.0
2024-04-01,4,Discretionary,Transport,5784.0
2024-04-01,4,Discretionary,Travel,48000.0
2024-04-01,4,Fixed costs,Family support,6900.0
2024-04-01,4,Fixed costs,Household help,3500.0
2024-04-01,4,Fixed costs,Loan EMIs,26389.0
2024-04-01,4,Fixed costs,Rent,24000.0
2024-04-01,4,Fixed costs,Subscriptions,3437.0
2024-04-01,4,Fixed costs,Utilities,4524.0
2024-04-01,4,Investments,Debt fund,3000.0
2024-04-01,4,Investments,Equity fund,16500.0
2024-04-01,4,Investments,PPF,90000.0
2024-05-01,1,Gross pay,Income tax,33498.0
2024-05-01,1,Gross pay,Professional tax,200.0
2024-05-01,1,Gross pay,Provident fund,9587.0
2024-05-01,1,Gross pay,Take-home pay,156442.0
2024-05-01,2,Take-home pay,Money in,156442.0
2024-05-01,3,Money in,Cash saved,40144.0
2024-05-01,3,Money in,Discretionary,27862.0
2024-05-01,3,Money in,Fixed costs,68936.0
2024-05-01,3,Money in,Investments,19500.0
2024-05-01,4,Discretionary,Cash withdrawal,3000.0
2024-05-01,4,Discretionary,Dining and delivery,6014.0
2024-05-01,4,Discretionary,Entertainment,631.0
2024-05-01,4,Discretionary,Groceries,7879.0
2024-05-01,4,Discretionary,Health,847.0
2024-05-01,4,Discretionary,Shopping,3248.0
2024-05-01,4,Discretionary,Transport,6243.0
2024-05-01,4,Fixed costs,Family support,7000.0
2024-05-01,4,Fixed costs,Household help,3500.0
2024-05-01,4,Fixed costs,Loan EMIs,26389.0
2024-05-01,4,Fixed costs,Rent,24000.0
2024-05-01,4,Fixed costs,Subscriptions,3457.0
2024-05-01,4,Fixed costs,Utilities,4590.0
2024-05-01,4,Investments,Debt fund,3000.0
2024-05-01,4,Investments,Equity fund,16500.0
2024-06-01,1,Gross pay,Income tax,33498.0
2024-06-01,1,Gross pay,Professional tax,200.0
2024-06-01,1,Gross pay,Provident fund,9587.0
2024-06-01,1,Gross pay,Take-home pay,156442.0
2024-06-01,2,Take-home pay,Money in,156442.0
2024-06-01,3,Money in,Cash saved,19367.0
2024-06-01,3,Money in,Discretionary,36419.0
2024-06-01,3,Money in,Fixed costs,81156.0
2024-06-01,3,Money in,Investments,19500.0
2024-06-01,4,Discretionary,Cash withdrawal,2000.0
2024-06-01,4,Discretionary,Dining and delivery,7870.0
2024-06-01,4,Discretionary,Entertainment,1448.0
2024-06-01,4,Discretionary,Groceries,8942.0
2024-06-01,4,Discretionary,Health,741.0
2024-06-01,4,Discretionary,Shopping,3639.0
2024-06-01,4,Discretionary,Transport,11779.0
2024-06-01,4,Fixed costs,Family support,7000.0
2024-06-01,4,Fixed costs,Household help,3500.0
2024-06-01,4,Fixed costs,Insurance,11800.0
2024-06-01,4,Fixed costs,Loan EMIs,26389.0
2024-06-01,4,Fixed costs,Rent,24000.0
2024-06-01,4,Fixed costs,Subscriptions,3467.0
2024-06-01,4,Fixed costs,Utilities,5000.0
2024-06-01,4,Investments,Debt fund,3000.0
2024-06-01,4,Investments,Equity fund,16500.0
2024-07-01,1,Gross pay,Income tax,33498.0
2024-07-01,1,Gross pay,Professional tax,200.0
2024-07-01,1,Gross pay,Provident fund,9587.0
2024-07-01,1,Gross pay,Take-home pay,156442.0
2024-07-01,2,Take-home pay,Money in,156442.0
2024-07-01,3,Money in,Cash saved,38720.0
2024-07-01,3,Money in,Discretionary,30837.0
2024-07-01,3,Money in,Fixed costs,67385.0
2024-07-01,3,Money in,Investments,19500.0
2024-07-01,4,Discretionary,Cash withdrawal,2500.0
2024-07-01,4,Discretionary,Dining and delivery,8342.0
2024-07-01,4,Discretionary,Entertainment,816.0
2024-07-01,4,Discretionary,Groceries,9060.0
2024-07-01,4,Discretionary,Health,602.0
2024-07-01,4,Discretionary,Shopping,3533.0
2024-07-01,4,Discretionary,Transport,5984.0
2024-07-01,4,Fixed costs,Family support,7000.0
2024-07-01,4,Fixed costs,Household help,3500.0
2024-07-01,4,Fixed costs,Loan EMIs,26389.0
2024-07-01,4,Fixed costs,Rent,24000.0
2024-07-01,4,Fixed costs,Subscriptions,3477.0
2024-07-01,4,Fixed costs,Utilities,3019.0
2024-07-01,4,Investments,Debt fund,3000.0
2024-07-01,4,Investments,Equity fund,16500.0
2024-08-01,1,Gross pay,Income tax,33498.0
2024-08-01,1,Gross pay,Professional tax,200.0
2024-08-01,1,Gross pay,Provident fund,9587.0
2024-08-01,1,Gross pay,Take-home pay,156442.0
2024-08-01,2,Cash drawn down,Money in,1406.0
2024-08-01,2,Other income,Money in,303.0
2024-08-01,2,Take-home pay,Money in,156442.0
2024-08-01,3,Money in,Discretionary,32039.0
2024-08-01,3,Money in,Fixed costs,67505.0
2024-08-01,3,Money in,Investments,58607.0
2024-08-01,4,Discretionary,Cash withdrawal,2000.0
2024-08-01,4,Discretionary,Dining and delivery,8413.0
2024-08-01,4,Discretionary,Entertainment,1179.0
2024-08-01,4,Discretionary,Groceries,10037.0
2024-08-01,4,Discretionary,Health,978.0
2024-08-01,4,Discretionary,Shopping,3499.0
2024-08-01,4,Discretionary,Transport,5933.0
2024-08-01,4,Fixed costs,Family support,7100.0
2024-08-01,4,Fixed costs,Household help,3500.0
2024-08-01,4,Fixed costs,Loan EMIs,26389.0
2024-08-01,4,Fixed costs,Rent,24000.0
2024-08-01,4,Fixed costs,Subscriptions,3487.0
2024-08-01,4,Fixed costs,Utilities,3029.0
2024-08-01,4,Investments,Debt fund,3000.0
2024-08-01,4,Investments,Equity fund,16500.0
2024-08-01,4,Investments,REIT,39107.0
2024-09-01,1,Gross pay,Income tax,33498.0
2024-09-01,1,Gross pay,Professional tax,200.0
2024-09-01,1,Gross pay,Provident fund,9587.0
2024-09-01,1,Gross pay,Take-home pay,156442.0
2024-09-01,2,Take-home pay,Money in,156442.0
2024-09-01,3,Money in,Cash saved,38491.0
2024-09-01,3,Money in,Discretionary,30491.0
2024-09-01,3,Money in,Fixed costs,67960.0
2024-09-01,3,Money in,Investments,19500.0
2024-09-01,4,Discretionary,Cash withdrawal,2000.0
2024-09-01,4,Discretionary,Dining and delivery,6130.0
2024-09-01,4,Discretionary,Entertainment,2313.0
2024-09-01,4,Discretionary,Groceries,7962.0
2024-09-01,4,Discretionary,Health,418.0
2024-09-01,4,Discretionary,Shopping,5693.0
2024-09-01,4,Discretionary,Transport,5975.0
2024-09-01,4,Fixed costs,Family support,7100.0
2024-09-01,4,Fixed costs,Household help,3600.0
2024-09-01,4,Fixed costs,Loan EMIs,26389.0
2024-09-01,4,Fixed costs,Rent,24000.0
2024-09-01,4,Fixed costs,Subscriptions,3507.0
2024-09-01,4,Fixed costs,Utilities,3364.0
2024-09-01,4,Investments,Debt fund,3000.0
2024-09-01,4,Investments,Equity fund,16500.0
2024-10-01,1,Gross pay,Income tax,33498.0
2024-10-01,1,Gross pay,Professional tax,200.0
2024-10-01,1,Gross pay,Provident fund,9587.0
2024-10-01,1,Gross pay,Take-home pay,156442.0
2024-10-01,2,Take-home pay,Money in,156442.0
2024-10-01,3,Money in,Cash saved,33581.0
2024-10-01,3,Money in,Discretionary,48319.0
2024-10-01,3,Money in,Fixed costs,55042.0
2024-10-01,3,Money in,Investments,19500.0
2024-10-01,4,Discretionary,Cash withdrawal,2000.0
2024-10-01,4,Discretionary,Dining and delivery,5822.0
2024-10-01,4,Discretionary,Entertainment,923.0
2024-10-01,4,Discretionary,Gifts and festivals,12757.0
2024-10-01,4,Discretionary,Groceries,10075.0
2024-10-01,4,Discretionary,Health,533.0
2024-10-01,4,Discretionary,Shopping,10620.0
2024-10-01,4,Discretionary,Transport,5589.0
2024-10-01,4,Fixed costs,Family support,7100.0
2024-10-01,4,Fixed costs,Household help,3600.0
2024-10-01,4,Fixed costs,Loan EMIs,13493.0
2024-10-01,4,Fixed costs,Rent,24000.0
2024-10-01,4,Fixed costs,Subscriptions,3517.0
2024-10-01,4,Fixed costs,Utilities,3332.0
2024-10-01,4,Investments,Debt fund,3000.0
2024-10-01,4,Investments,Equity fund,16500.0
2024-11-01,1,Gross pay,Income tax,33498.0
2024-11-01,1,Gross pay,Professional tax,200.0
2024-11-01,1,Gross pay,Provident fund,9587.0
2024-11-01,1,Gross pay,Take-home pay,156442.0
2024-11-01,2,Cash drawn down,Money in,206296.0
2024-11-01,2,Other income,Money in,770.0
2024-11-01,2,Take-home pay,Money in,156442.0
2024-11-01,3,Money in,Discretionary,48949.0
2024-11-01,3,Money in,Fixed costs,55059.0
2024-11-01,3,Money in,Investments,259500.0
2024-11-01,4,Discretionary,Cash withdrawal,2500.0
2024-11-01,4,Discretionary,Dining and delivery,7306.0
2024-11-01,4,Discretionary,Entertainment,2696.0
2024-11-01,4,Discretionary,Gifts and festivals,10260.0
2024-11-01,4,Discretionary,Groceries,9376.0
2024-11-01,4,Discretionary,Health,606.0
2024-11-01,4,Discretionary,Shopping,10307.0
2024-11-01,4,Discretionary,Transport,5898.0
2024-11-01,4,Fixed costs,Family support,7200.0
2024-11-01,4,Fixed costs,Household help,3600.0
2024-11-01,4,Fixed costs,Loan EMIs,13493.0
2024-11-01,4,Fixed costs,Rent,24000.0
2024-11-01,4,Fixed costs,Subscriptions,3527.0
2024-11-01,4,Fixed costs,Utilities,3239.0
2024-11-01,4,Investments,Debt fund,3000.0
2024-11-01,4,Investments,Equity fund,256500.0
2024-12-01,1,Gross pay,Income tax,33498.0
2024-12-01,1,Gross pay,Professional tax,200.0
2024-12-01,1,Gross pay,Provident fund,9587.0
2024-12-01,1,Gross pay,Take-home pay,156442.0
2024-12-01,2,Cash drawn down,Money in,28174.0
2024-12-01,2,Other income,Money in,360.0
2024-12-01,2,Take-home pay,Money in,156442.0
2024-12-01,3,Money in,Discretionary,110512.0
2024-12-01,3,Money in,Fixed costs,54964.0
2024-12-01,3,Money in,Investments,19500.0
2024-12-01,4,Discretionary,Cash withdrawal,2500.0
2024-12-01,4,Discretionary,Dining and delivery,6369.0
2024-12-01,4,Discretionary,Entertainment,1637.0
2024-12-01,4,Discretionary,Groceries,10328.0
2024-12-01,4,Discretionary,Health,762.0
2024-12-01,4,Discretionary,Shopping,6618.0
2024-12-01,4,Discretionary,Transport,12298.0
2024-12-01,4,Discretionary,Travel,70000.0
2024-12-01,4,Fixed costs,Family support,7200.0
2024-12-01,4,Fixed costs,Household help,3600.0
2024-12-01,4,Fixed costs,Loan EMIs,13493.0
2024-12-01,4,Fixed costs,Rent,24000.0
2024-12-01,4,Fixed costs,Subscriptions,3547.0
2024-12-01,4,Fixed costs,Utilities,3124.0
2024-12-01,4,Investments,Debt fund,3000.0
2024-12-01,4,Investments,Equity fund,16500.0
2025-01-01,1,Gross pay,Income tax,33498.0
2025-01-01,1,Gross pay,Professional tax,200.0
2025-01-01,1,Gross pay,Provident fund,9587.0
2025-01-01,1,Gross pay,Take-home pay,156442.0
2025-01-01,2,Take-home pay,Money in,156442.0
2025-01-01,3,Money in,Cash saved,34878.0
2025-01-01,3,Money in,Discretionary,28460.0
2025-01-01,3,Money in,Fixed costs,73604.0
2025-01-01,3,Money in,Investments,19500.0
2025-01-01,4,Discretionary,Cash withdrawal,2000.0
2025-01-01,4,Discretionary,Dining and delivery,5921.0
2025-01-01,4,Discretionary,Entertainment,2505.0
2025-01-01,4,Discretionary,Groceries,8064.0
2025-01-01,4,Discretionary,Health,542.0
2025-01-01,4,Discretionary,Shopping,3419.0
2025-01-01,4,Discretionary,Transport,6009.0
2025-01-01,4,Fixed costs,Family support,7300.0
2025-01-01,4,Fixed costs,Household help,3600.0
2025-01-01,4,Fixed costs,Insurance,18266.0
2025-01-01,4,Fixed costs,Loan EMIs,13493.0
2025-01-01,4,Fixed costs,Rent,24000.0
2025-01-01,4,Fixed costs,Subscriptions,3577.0
2025-01-01,4,Fixed costs,Utilities,3368.0
2025-01-01,4,Investments,Debt fund,3000.0
2025-01-01,4,Investments,Equity fund,16500.0
2025-02-01,1,Gross pay,Income tax,33498.0
2025-02-01,1,Gross pay,Professional tax,200.0
2025-02-01,1,Gross pay,Provident fund,9587.0
2025-02-01,1,Gross pay,Take-home pay,156442.0
2025-02-01,2,Other income,Money in,1001.0
2025-02-01,2,Take-home pay,Money in,156442.0
2025-02-01,3,Money in,Cash saved,17600.0
2025-02-01,3,Money in,Discretionary,32731.0
2025-02-01,3,Money in,Fixed costs,55071.0
2025-02-01,3,Money in,Investments,52041.0
2025-02-01,4,Discretionary,Cash withdrawal,2500.0
2025-02-01,4,Discretionary,Dining and delivery,6985.0
2025-02-01,4,Discretionary,Entertainment,1547.0
2025-02-01,4,Discretionary,Groceries,9720.0
2025-02-01,4,Discretionary,Health,585.0
2025-02-01,4,Discretionary,Shopping,5880.0
2025-02-01,4,Discretionary,Transport,5514.0
2025-02-01,4,Fixed costs,Family support,7300.0
2025-02-01,4,Fixed costs,Household help,3600.0
2025-02-01,4,Fixed costs,Loan EMIs,13493.0
2025-02-01,4,Fixed costs,Rent,24000.0
2025-02-01,4,Fixed costs,Subscriptions,3587.0
2025-02-01,4,Fixed costs,Utilities,3091.0
2025-02-01,4,Investments,Debt fund,3000.0
2025-02-01,4,Investments,Equity fund,16500.0
2025-02-01,4,Investments,REIT,32541.0
2025-03-01,1,Gross pay,Income tax,33498.0
2025-03-01,1,Gross pay,Professional tax,200.0
2025-03-01,1,Gross pay,Provident fund,9587.0
2025-03-01,1,Gross pay,Take-home pay,156442.0
2025-03-01,2,Other income,Money in,237.0
2025-03-01,2,Take-home pay,Money in,156442.0
2025-03-01,3,Money in,Cash saved,32793.0
2025-03-01,3,Money in,Discretionary,30411.0
2025-03-01,3,Money in,Fixed costs,73975.0
2025-03-01,3,Money in,Investments,19500.0
2025-03-01,4,Discretionary,Cash withdrawal,2000.0
2025-03-01,4,Discretionary,Dining and delivery,8523.0
2025-03-01,4,Discretionary,Entertainment,1160.0
2025-03-01,4,Discretionary,Groceries,8913.0
2025-03-01,4,Discretionary,Health,486.0
2025-03-01,4,Discretionary,Shopping,3391.0
2025-03-01,4,Discretionary,Transport,5938.0
2025-03-01,4,Fixed costs,Family support,7300.0
2025-03-01,4,Fixed costs,Household help,3700.0
2025-03-01,4,Fixed costs,Insurance,17415.0
2025-03-01,4,Fixed costs,Loan EMIs,13493.0
2025-03-01,4,Fixed costs,Rent,25200.0
2025-03-01,4,Fixed costs,Subscriptions,3597.0
2025-03-01,4,Fixed costs,Utilities,3270.0
2025-03-01,4,Investments,Debt fund,3000.0
2025-03-01,4,Investments,Equity fund,16500.0
2025-04-01,1,Gross pay,Income tax,29573.0
2025-04-01,1,Gross pay,Professional tax,200.0
2025-04-01,1,Gross pay,Provident fund,10450.0
2025-04-01,1,Gross pay,Take-home pay,177479.0
2025-04-01,2,Bonus,Money in,150706.0
2025-04-01,2,Take-home pay,Money in,177479.0
2025-04-01,3,Money in,Cash saved,124726.0
2025-04-01,3,Money in,Discretionary,33691.0
2025-04-01,3,Money in,Fixed costs,58568.0
2025-04-01,3,Money in,Investments,111200.0
2025-04-01,4,Discretionary,Cash withdrawal,3000.0
2025-04-01,4,Discretionary,Dining and delivery,8186.0
2025-04-01,4,Discretionary,Entertainment,2314.0
2025-04-01,4,Discretionary,Groceries,10184.0
2025-04-01,4,Discretionary,Health,403.0
2025-04-01,4,Discretionary,Shopping,2984.0
2025-04-01,4,Discretionary,Transport,6620.0
2025-04-01,4,Fixed costs,Family support,7400.0
2025-04-01,4,Fixed costs,Household help,3700.0
2025-04-01,4,Fixed costs,Loan EMIs,13493.0
2025-04-01,4,Fixed costs,Rent,25200.0
2025-04-01,4,Fixed costs,Subscriptions,3617.0
2025-04-01,4,Fixed costs,Utilities,5158.0
2025-04-01,4,Investments,Debt fund,3000.0
2025-04-01,4,Investments,Equity fund,18200.0
2025-04-01,4,Investments,PPF,90000.0
2025-05-01,1,Gross pay,Income tax,29573.0
2025-05-01,1,Gross pay,Professional tax,200.0
2025-05-01,1,Gross pay,Provident fund,10450.0
2025-05-01,1,Gross pay,Take-home pay,177479.0
2025-05-01,2,Cash drawn down,Money in,183202.0
2025-05-01,2,Other income,Money in,1403.0
2025-05-01,2,Take-home pay,Money in,177479.0
2025-05-01,3,Money in,Discretionary,31715.0
2025-05-01,3,Money in,Fixed costs,59169.0
2025-05-01,3,Money in,Investments,271200.0
2025-05-01,4,Discretionary,Cash withdrawal,2000.0
2025-05-01,4,Discretionary,Dining and delivery,6748.0
2025-05-01,4,Discretionary,Entertainment,775.0
2025-05-01,4,Discretionary,Groceries,7981.0
2025-05-01,4,Discretionary,Health,1991.0
2025-05-01,4,Discretionary,Shopping,6096.0
2025-05-01,4,Discretionary,Transport,6124.0
2025-05-01,4,Fixed costs,Family support,7400.0
2025-05-01,4,Fixed costs,Household help,3700.0
2025-05-01,4,Fixed costs,Loan EMIs,13493.0
2025-05-01,4,Fixed costs,Rent,25200.0
2025-05-01,4,Fixed costs,Subscriptions,3627.0
2025-05-01,4,Fixed costs,Utilities,5749.0
2025-05-01,4,Investments,Debt fund,3000.0
2025-05-01,4,Investments,Equity fund,268200.0
2025-06-01,1,Gross pay,Income tax,29573.0
2025-06-01,1,Gross pay,Professional tax,200.0
2025-06-01,1,Gross pay,Provident fund,10450.0
2025-06-01,1,Gross pay,Take-home pay,177479.0
2025-06-01,2,Cash drawn down,Money in,7869.0
2025-06-01,2,Take-home pay,Money in,177479.0
2025-06-01,3,Money in,Discretionary,94024.0
2025-06-01,3,Money in,Fixed costs,70124.0
2025-06-01,3,Money in,Investments,21200.0
2025-06-01,4,Discretionary,Cash withdrawal,2500.0
2025-06-01,4,Discretionary,Dining and delivery,7237.0
2025-06-01,4,Discretionary,Entertainment,1026.0
2025-06-01,4,Discretionary,Groceries,9160.0
2025-06-01,4,Discretionary,Health,653.0
2025-06-01,4,Discretionary,Shopping,3441.0
2025-06-01,4,Discretionary,Transport,15007.0
2025-06-01,4,Discretionary,Travel,55000.0
2025-06-01,4,Fixed costs,Family support,7400.0
2025-06-01,4,Fixed costs,Household help,3700.0
2025-06-01,4,Fixed costs,Insurance,11800.0
2025-06-01,4,Fixed costs,Loan EMIs,13493.0
2025-06-01,4,Fixed costs,Rent,25200.0
2025-06-01,4,Fixed costs,Subscriptions,3637.0
2025-06-01,4,Fixed costs,Utilities,4894.0
2025-06-01,4,Investments,Debt fund,3000.0
2025-06-01,4,Investments,Equity fund,18200.0
2025-07-01,1,Gross pay,Income tax,29573.0
2025-07-01,1,Gross pay,Professional tax,200.0
2025-07-01,1,Gross pay,Provident fund,10450.0
2025-07-01,1,Gross pay,Take-home pay,177479.0
2025-07-01,2,Other income,Money in,166.0
2025-07-01,2,Take-home pay,Money in,177479.0
2025-07-01,3,Money in,Cash saved,63585.0
2025-07-01,3,Money in,Discretionary,35734.0
2025-07-01,3,Money in,Fixed costs,57126.0
2025-07-01,3,Money in,Investments,21200.0
2025-07-01,4,Discretionary,Cash withdrawal,2500.0
2025-07-01,4,Discretionary,Dining and delivery,8763.0
2025-07-01,4,Discretionary,Entertainment,804.0
2025-07-01,4,Discretionary,Groceries,10492.0
2025-07-01,4,Discretionary,Health,1006.0
2025-07-01,4,Discretionary,Shopping,5807.0
2025-07-01,4,Discretionary,Transport,6362.0
2025-07-01,4,Fixed costs,Family support,7500.0
2025-07-01,4,Fixed costs,Household help,3700.0
2025-07-01,4,Fixed costs,Loan EMIs,13493.0
2025-07-01,4,Fixed costs,Rent,25200.0
2025-07-01,4,Fixed costs,Subscriptions,3657.0
2025-07-01,4,Fixed costs,Utilities,3576.0
2025-07-01,4,Investments,Debt fund,3000.0
2025-07-01,4,Investments,Equity fund,18200.0
2025-08-01,1,Gross pay,Income tax,29573.0
2025-08-01,1,Gross pay,Professional tax,200.0
2025-08-01,1,Gross pay,Provident fund,10450.0
2025-08-01,1,Gross pay,Take-home pay,177479.0
2025-08-01,2,Other income,Money in,1199.0
2025-08-01,2,Take-home pay,Money in,177479.0
2025-08-01,3,Money in,Cash saved,66993.0
2025-08-01,3,Money in,Discretionary,33324.0
2025-08-01,3,Money in,Fixed costs,57161.0
2025-08-01,3,Money in,Investments,21200.0
2025-08-01,4,Discretionary,Cash withdrawal,3000.0
2025-08-01,4,Discretionary,Dining and delivery,6779.0
2025-08-01,4,Discretionary,Entertainment,2255.0
2025-08-01,4,Discretionary,Groceries,9575.0
2025-08-01,4,Discretionary,Health,705.0
2025-08-01,4,Discretionary,Shopping,4512.0
2025-08-01,4,Discretionary,Transport,6498.0
2025-08-01,4,Fixed costs,Family support,7500.0
2025-08-01,4,Fixed costs,Household help,3800.0
2025-08-01,4,Fixed costs,Loan EMIs,13493.0
2025-08-01,4,Fixed costs,Rent,25200.0
2025-08-01,4,Fixed costs,Subscriptions,3667.0
2025-08-01,4,Fixed costs,Utilities,3501.0
2025-08-01,4,Investments,Debt fund,3000.0
2025-08-01,4,Investments,Equity fund,18200.0
2025-09-01,1,Gross pay,Income tax,29573.0
2025-09-01,1,Gross pay,Professional tax,200.0
2025-09-01,1,Gross pay,Provident fund,10450.0
2025-09-01,1,Gross pay,Take-home pay,177479.0
2025-09-01,2,Take-home pay,Money in,177479.0
2025-09-01,3,Money in,Cash saved,54359.0
2025-09-01,3,Money in,Discretionary,44603.0
2025-09-01,3,Money in,Fixed costs,57317.0
2025-09-01,3,Money in,Investments,21200.0
2025-09-01,4,Discretionary,Cash withdrawal,3000.0
2025-09-01,4,Discretionary,Dining and delivery,6501.0
2025-09-01,4,Discretionary,Education,14200.0
2025-09-01,4,Discretionary,Entertainment,845.0
2025-09-01,4,Discretionary,Groceries,10100.0
2025-09-01,4,Discretionary,Health,584.0
2025-09-01,4,Discretionary,Shopping,3031.0
2025-09-01,4,Discretionary,Transport,6342.0
2025-09-01,4,Fixed costs,Family support,7500.0
2025-09-01,4,Fixed costs,Household help,3800.0
2025-09-01,4,Fixed costs,Loan EMIs,13493.0
2025-09-01,4,Fixed costs,Rent,25200.0
2025-09-01,4,Fixed costs,Subscriptions,3677.0
2025-09-01,4,Fixed costs,Utilities,3647.0
2025-09-01,4,Investments,Debt fund,3000.0
2025-09-01,4,Investments,Equity fund,18200.0
2025-10-01,1,Gross pay,Income tax,29573.0
2025-10-01,1,Gross pay,Professional tax,200.0
2025-10-01,1,Gross pay,Provident fund,10450.0
2025-10-01,1,Gross pay,Take-home pay,177479.0
2025-10-01,2,Take-home pay,Money in,177479.0
2025-10-01,3,Money in,Cash saved,44262.0
2025-10-01,3,Money in,Discretionary,54922.0
2025-10-01,3,Money in,Fixed costs,57095.0
2025-10-01,3,Money in,Investments,21200.0
2025-10-01,4,Discretionary,Cash withdrawal,2000.0
2025-10-01,4,Discretionary,Dining and delivery,7876.0
2025-10-01,4,Discretionary,Entertainment,1664.0
2025-10-01,4,Discretionary,Gifts and festivals,14745.0
2025-10-01,4,Discretionary,Groceries,8908.0
2025-10-01,4,Discretionary,Health,597.0
2025-10-01,4,Discretionary,Shopping,12576.0
2025-10-01,4,Discretionary,Transport,6556.0
2025-10-01,4,Fixed costs,Family support,7600.0
2025-10-01,4,Fixed costs,Household help,3800.0
2025-10-01,4,Fixed costs,Loan EMIs,13493.0
2025-10-01,4,Fixed costs,Rent,25200.0
2025-10-01,4,Fixed costs,Subscriptions,3697.0
2025-10-01,4,Fixed costs,Utilities,3305.0
2025-10-01,4,Investments,Debt fund,3000.0
2025-10-01,4,Investments,Equity fund,18200.0
2025-11-01,1,Gross pay,Income tax,29573.0
2025-11-01,1,Gross pay,Professional tax,200.0
2025-11-01,1,Gross pay,Provident fund,10450.0
2025-11-01,1,Gross pay,Take-home pay,177479.0
2025-11-01,2,Cash drawn down,Money in,221107.0
2025-11-01,2,Other income,Money in,1266.0
2025-11-01,2,Take-home pay,Money in,177479.0
2025-11-01,3,Money in,Discretionary,56303.0
2025-11-01,3,Money in,Fixed costs,57194.0
2025-11-01,3,Money in,Investments,286355.0
2025-11-01,4,Discretionary,Cash withdrawal,3000.0
2025-11-01,4,Discretionary,Dining and delivery,7824.0
2025-11-01,4,Discretionary,Entertainment,1326.0
2025-11-01,4,Discretionary,Gifts and festivals,13880.0
2025-11-01,4,Discretionary,Groceries,10493.0
2025-11-01,4,Discretionary,Health,477.0
2025-11-01,4,Discretionary,Shopping,11521.0
2025-11-01,4,Discretionary,Transport,7782.0
2025-11-01,4,Fixed costs,Family support,7600.0
2025-11-01,4,Fixed costs,Household help,3800.0
2025-11-01,4,Fixed costs,Loan EMIs,13493.0
2025-11-01,4,Fixed costs,Rent,25200.0
2025-11-01,4,Fixed costs,Subscriptions,3707.0
2025-11-01,4,Fixed costs,Utilities,3394.0
2025-11-01,4,Investments,Debt fund,3000.0
2025-11-01,4,Investments,Equity fund,248200.0
2025-11-01,4,Investments,REIT,35155.0
2025-12-01,1,Gross pay,Income tax,29573.0
2025-12-01,1,Gross pay,Professional tax,200.0
2025-12-01,1,Gross pay,Provident fund,10450.0
2025-12-01,1,Gross pay,Take-home pay,177479.0
2025-12-01,2,Take-home pay,Money in,177479.0
2025-12-01,3,Money in,Cash saved,62037.0
2025-12-01,3,Money in,Discretionary,36718.0
2025-12-01,3,Money in,Fixed costs,57524.0
2025-12-01,3,Money in,Investments,21200.0
2025-12-01,4,Discretionary,Cash withdrawal,2500.0
2025-12-01,4,Discretionary,Dining and delivery,5782.0
2025-12-01,4,Discretionary,Entertainment,1468.0
2025-12-01,4,Discretionary,Groceries,8313.0
2025-12-01,4,Discretionary,Health,433.0
2025-12-01,4,Discretionary,Shopping,4650.0
2025-12-01,4,Discretionary,Transport,13572.0
2025-12-01,4,Fixed costs,Family support,7600.0
2025-12-01,4,Fixed costs,Household help,3800.0
2025-12-01,4,Fixed costs,Loan EMIs,13493.0
2025-12-01,4,Fixed costs,Rent,25200.0
2025-12-01,4,Fixed costs,Subscriptions,3717.0
2025-12-01,4,Fixed costs,Utilities,3714.0
2025-12-01,4,Investments,Debt fund,3000.0
2025-12-01,4,Investments,Equity fund,18200.0
2026-01-01,1,Gross pay,Income tax,29573.0
2026-01-01,1,Gross pay,Professional tax,200.0
2026-01-01,1,Gross pay,Provident fund,10450.0
2026-01-01,1,Gross pay,Take-home pay,177479.0
2026-01-01,2,Other income,Money in,387.0
2026-01-01,2,Take-home pay,Money in,177479.0
2026-01-01,3,Money in,Cash saved,47402.0
2026-01-01,3,Money in,Discretionary,32106.0
2026-01-01,3,Money in,Fixed costs,77158.0
2026-01-01,3,Money in,Investments,21200.0
2026-01-01,4,Discretionary,Cash withdrawal,2500.0
2026-01-01,4,Discretionary,Dining and delivery,8892.0
2026-01-01,4,Discretionary,Entertainment,1976.0
2026-01-01,4,Discretionary,Groceries,8332.0
2026-01-01,4,Discretionary,Health,1143.0
2026-01-01,4,Discretionary,Shopping,3769.0
2026-01-01,4,Discretionary,Transport,5494.0
2026-01-01,4,Fixed costs,Family support,7700.0
2026-01-01,4,Fixed costs,Household help,3800.0
2026-01-01,4,Fixed costs,Insurance,19727.0
2026-01-01,4,Fixed costs,Loan EMIs,13493.0
2026-01-01,4,Fixed costs,Rent,25200.0
2026-01-01,4,Fixed costs,Subscriptions,3737.0
2026-01-01,4,Fixed costs,Utilities,3501.0
2026-01-01,4,Investments,Debt fund,3000.0
2026-01-01,4,Investments,Equity fund,18200.0
2026-02-01,1,Gross pay,Income tax,29573.0
2026-02-01,1,Gross pay,Professional tax,200.0
2026-02-01,1,Gross pay,Provident fund,10450.0
2026-02-01,1,Gross pay,Take-home pay,177479.0
2026-02-01,2,Cash drawn down,Money in,23968.0
2026-02-01,2,Other income,Money in,1798.0
2026-02-01,2,Take-home pay,Money in,177479.0
2026-02-01,3,Money in,Discretionary,124553.0
2026-02-01,3,Money in,Fixed costs,57492.0
2026-02-01,3,Money in,Investments,21200.0
2026-02-01,4,Discretionary,Cash withdrawal,2500.0
2026-02-01,4,Discretionary,Dining and delivery,8255.0
2026-02-01,4,Discretionary,Entertainment,1798.0
2026-02-01,4,Discretionary,Groceries,9941.0
2026-02-01,4,Discretionary,Health,490.0
2026-02-01,4,Discretionary,Shopping,9291.0
2026-02-01,4,Discretionary,Transport,7278.0
2026-02-01,4,Discretionary,Travel,85000.0
2026-02-01,4,Fixed costs,Family support,7700.0
2026-02-01,4,Fixed costs,Household help,3900.0
2026-02-01,4,Fixed costs,Loan EMIs,13493.0
2026-02-01,4,Fixed costs,Rent,25200.0
2026-02-01,4,Fixed costs,Subscriptions,3747.0
2026-02-01,4,Fixed costs,Utilities,3452.0
2026-02-01,4,Investments,Debt fund,3000.0
2026-02-01,4,Investments,Equity fund,18200.0
2026-03-01,1,Gross pay,Income tax,29573.0
2026-03-01,1,Gross pay,Professional tax,200.0
2026-03-01,1,Gross pay,Provident fund,10450.0
2026-03-01,1,Gross pay,Take-home pay,177479.0
2026-03-01,2,Take-home pay,Money in,177479.0
2026-03-01,3,Money in,Cash saved,48860.0
2026-03-01,3,Money in,Discretionary,33106.0
2026-03-01,3,Money in,Fixed costs,74313.0
2026-03-01,3,Money in,Investments,21200.0
2026-03-01,4,Discretionary,Cash withdrawal,3000.0
2026-03-01,4,Discretionary,Dining and delivery,7444.0
2026-03-01,4,Discretionary,Entertainment,1095.0
2026-03-01,4,Discretionary,Groceries,9215.0
2026-03-01,4,Discretionary,Health,998.0
2026-03-01,4,Discretionary,Shopping,4810.0
2026-03-01,4,Discretionary,Transport,6544.0
2026-03-01,4,Fixed costs,Family support,7800.0
2026-03-01,4,Fixed costs,Household help,3900.0
2026-03-01,4,Fixed costs,Insurance,15674.0
2026-03-01,4,Fixed costs,Loan EMIs,13493.0
2026-03-01,4,Fixed costs,Rent,26500.0
2026-03-01,4,Fixed costs,Subscriptions,3767.0
2026-03-01,4,Fixed costs,Utilities,3179.0
2026-03-01,4,Investments,Debt fund,3000.0
2026-03-01,4,Investments,Equity fund,18200.0
2026-04-01,1,Gross pay,Income tax,35686.0
2026-04-01,1,Gross pay,Professional tax,200.0
2026-04-01,1,Gross pay,Provident fund,11390.0
2026-04-01,1,Gross pay,Take-home pay,190019.0
2026-04-01,2,Bonus,Money in,164269.0
2026-04-01,2,Other income,Money in,181.0
2026-04-01,2,Take-home pay,Money in,190019.0
2026-04-01,3,Money in,Cash saved,147819.0
2026-04-01,3,Money in,Discretionary,32318.0
2026-04-01,3,Money in,Fixed costs,61332.0
2026-04-01,3,Money in,Investments,113000.0
2026-04-01,4,Discretionary,Cash withdrawal,2000.0
2026-04-01,4,Discretionary,Dining and delivery,9043.0
2026-04-01,4,Discretionary,Entertainment,790.0
2026-04-01,4,Discretionary,Groceries,11163.0
2026-04-01,4,Discretionary,Health,483.0
2026-04-01,4,Discretionary,Shopping,1930.0
2026-04-01,4,Discretionary,Transport,6909.0
2026-04-01,4,Fixed costs,Family support,7800.0
2026-04-01,4,Fixed costs,Household help,3900.0
2026-04-01,4,Fixed costs,Loan EMIs,13493.0
2026-04-01,4,Fixed costs,Rent,26500.0
2026-04-01,4,Fixed costs,Subscriptions,3777.0
2026-04-01,4,Fixed costs,Utilities,5862.0
2026-04-01,4,Investments,Debt fund,3000.0
2026-04-01,4,Investments,Equity fund,20000.0
2026-04-01,4,Investments,PPF,90000.0
2026-05-01,1,Gross pay,Income tax,35686.0
2026-05-01,1,Gross pay,Professional tax,200.0
2026-05-01,1,Gross pay,Provident fund,11390.0
2026-05-01,1,Gross pay,Take-home pay,190019.0
2026-05-01,2,Cash drawn down,Money in,256978.0
2026-05-01,2,Other income,Money in,1911.0
2026-05-01,2,Take-home pay,Money in,190019.0
2026-05-01,3,Money in,Discretionary,34906.0
2026-05-01,3,Money in,Fixed costs,61002.0
2026-05-01,3,Money in,Investments,353000.0
2026-05-01,4,Discretionary,Cash withdrawal,2000.0
2026-05-01,4,Discretionary,Dining and delivery,6291.0
2026-05-01,4,Discretionary,Entertainment,661.0
2026-05-01,4,Discretionary,Groceries,11220.0
2026-05-01,4,Discretionary,Health,1158.0
2026-05-01,4,Discretionary,Shopping,6850.0
2026-05-01,4,Discretionary,Transport,6726.0
2026-05-01,4,Fixed costs,Family support,7800.0
2026-05-01,4,Fixed costs,Household help,3900.0
2026-05-01,4,Fixed costs,Loan EMIs,13493.0
2026-05-01,4,Fixed costs,Rent,26500.0
2026-05-01,4,Fixed costs,Subscriptions,3787.0
2026-05-01,4,Fixed costs,Utilities,5522.0
2026-05-01,4,Investments,Debt fund,3000.0
2026-05-01,4,Investments,Equity fund,350000.0
2026-06-01,1,Gross pay,Income tax,35686.0
2026-06-01,1,Gross pay,Professional tax,200.0
2026-06-01,1,Gross pay,Provident fund,11390.0
2026-06-01,1,Gross pay,Take-home pay,190019.0
2026-06-01,2,Other income,Money in,252.0
2026-06-01,2,Take-home pay,Money in,190019.0
2026-06-01,3,Money in,Cash saved,58450.0
2026-06-01,3,Money in,Discretionary,36101.0
2026-06-01,3,Money in,Fixed costs,72720.0
2026-06-01,3,Money in,Investments,23000.0
2026-06-01,4,Discretionary,Cash withdrawal,2500.0
2026-06-01,4,Discretionary,Dining and delivery,7391.0
2026-06-01,4,Discretionary,Entertainment,620.0
2026-06-01,4,Discretionary,Groceries,11307.0
2026-06-01,4,Discretionary,Health,859.0
2026-06-01,4,Discretionary,Shopping,2544.0
2026-06-01,4,Discretionary,Transport,10880.0
2026-06-01,4,Fixed costs,Family support,7900.0
2026-06-01,4,Fixed costs,Household help,3900.0
2026-06-01,4,Fixed costs,Insurance,11800.0
2026-06-01,4,Fixed costs,Loan EMIs,13493.0
2026-06-01,4,Fixed costs,Rent,26500.0
2026-06-01,4,Fixed costs,Subscriptions,3807.0
2026-06-01,4,Fixed costs,Utilities,5320.0
2026-06-01,4,Investments,Debt fund,3000.0
2026-06-01,4,Investments,Equity fund,20000.0
2026-07-01,1,Gross pay,Income tax,35686.0
2026-07-01,1,Gross pay,Professional tax,200.0
2026-07-01,1,Gross pay,Provident fund,11390.0
2026-07-01,1,Gross pay,Take-home pay,190019.0
2026-07-01,2,Take-home pay,Money in,190019.0
2026-07-01,3,Money in,Cash saved,72301.0
2026-07-01,3,Money in,Discretionary,35777.0
2026-07-01,3,Money in,Fixed costs,58941.0
2026-07-01,3,Money in,Investments,23000.0
2026-07-01,4,Discretionary,Cash withdrawal,3000.0
2026-07-01,4,Discretionary,Dining and delivery,6097.0
2026-07-01,4,Discretionary,Entertainment,2417.0
2026-07-01,4,Discretionary,Groceries,10565.0
2026-07-01,4,Discretionary,Health,769.0
2026-07-01,4,Discretionary,Shopping,5825.0
2026-07-01,4,Discretionary,Transport,7104.0
2026-07-01,4,Fixed costs,Family support,7900.0
2026-07-01,4,Fixed costs,Household help,4000.0
2026-07-01,4,Fixed costs,Loan EMIs,13493.0
2026-07-01,4,Fixed costs,Rent,26500.0
2026-07-01,4,Fixed costs,Subscriptions,3817.0
2026-07-01,4,Fixed costs,Utilities,3231.0
2026-07-01,4,Investments,Debt fund,3000.0
2026-07-01,4,Investments,Equity fund,20000.0
2026-08-01,1,Gross pay,Income tax,35686.0
2026-08-01,1,Gross pay,Professional tax,200.0
2026-08-01,1,Gross pay,Provident fund,11390.0
2026-08-01,1,Gross pay,Take-home pay,190019.0
2026-08-01,2,Other income,Money in,2304.0
2026-08-01,2,Take-home pay,Money in,190019.0
2026-08-01,3,Money in,Cash saved,72572.0
2026-08-01,3,Money in,Discretionary,37111.0
2026-08-01,3,Money in,Fixed costs,59640.0
2026-08-01,3,Money in,Investments,23000.0
2026-08-01,4,Discretionary,Cash withdrawal,2500.0
2026-08-01,4,Discretionary,Dining and delivery,6711.0
2026-08-01,4,Discretionary,Entertainment,1790.0
2026-08-01,4,Discretionary,Groceries,10741.0
2026-08-01,4,Discretionary,Health,706.0
2026-08-01,4,Discretionary,Shopping,7920.0
2026-08-01,4,Discretionary,Transport,6743.0
2026-08-01,4,Fixed costs,Family support,8000.0
2026-08-01,4,Fixed costs,Household help,4000.0
2026-08-01,4,Fixed costs,Loan EMIs,13493.0
2026-08-01,4,Fixed costs,Rent,26500.0
2026-08-01,4,Fixed costs,Subscriptions,3837.0
2026-08-01,4,Fixed costs,Utilities,3810.0
2026-08-01,4,Investments,Debt fund,3000.0
2026-08-01,4,Investments,Equity fund,20000.0
2026-09-01,1,Gross pay,Income tax,35686.0
2026-09-01,1,Gross pay,Professional tax,200.0
2026-09-01,1,Gross pay,Provident fund,11390.0
2026-09-01,1,Gross pay,Take-home pay,190019.0
2026-09-01,2,Take-home pay,Money in,190019.0
2026-09-01,3,Money in,Cash saved,72035.0
2026-09-01,3,Money in,Discretionary,35550.0
2026-09-01,3,Money in,Fixed costs,59434.0
2026-09-01,3,Money in,Investments,23000.0
2026-09-01,4,Discretionary,Cash withdrawal,2500.0
2026-09-01,4,Discretionary,Dining and delivery,7908.0
2026-09-01,4,Discretionary,Entertainment,3044.0
2026-09-01,4,Discretionary,Groceries,9839.0
2026-09-01,4,Discretionary,Health,414.0
2026-09-01,4,Discretionary,Shopping,4388.0
2026-09-01,4,Discretionary,Transport,7457.0
2026-09-01,4,Fixed costs,Family support,8000.0
2026-09-01,4,Fixed costs,Household help,4000.0
2026-09-01,4,Fixed costs,Loan EMIs,13493.0
2026-09-01,4,Fixed costs,Rent,26500.0
2026-09-01,4,Fixed costs,Subscriptions,3847.0
2026-09-01,4,Fixed costs,Utilities,3594.0
2026-09-01,4,Investments,Debt fund,3000.0
2026-09-01,4,Investments,Equity fund,20000.0
