month,gross,income_tax,epf_employee,epf_employer,professional_tax,take_home,bonus,other_income,income,fixed_spend,discretionary_spend,total_spend,invested,withdrawn,cash_saved,savings_rate,emi,debt_to_income,net_worth,total_assets,total_liabilities
2021-10-01,115299.0,13728.0,5534.0,5534.0,200.0,95837.0,0.00,0.00,95837.0,43038.00,43797.00,86835.00,6000.00,0.00,3002.0,0.0939303191877876,12896.00,0.11184832479032776,31454.080000000016,442574.0,411119.92
2021-11-01,115299.0,13728.0,5534.0,5534.0,200.0,95837.0,0.00,0.00,95837.0,43068.00,41790.00,84858.00,6000.00,0.00,4979.0,0.11455909513027328,12896.00,0.11184832479032776,62487.159999999974,459425.62,396938.46
2021-12-01,115299.0,13728.0,5534.0,5534.0,200.0,95837.0,0.00,174.00,96011.0,43146.00,66325.00,109471.00,6000.00,0.00,-19460.0,-0.1401922696357709,12896.00,0.11184832479032776,66321.60999999999,487355.89,421034.28
2022-01-01,115299.0,13728.0,5534.0,5534.0,200.0,95837.0,0.00,364.00,96201.0,57409.00,23458.00,80867.00,6000.00,0.00,9334.0,0.15939543247991186,12896.00,0.11184832479032776,102198.65000000002,484277.01,382078.36
2022-02-01,115299.0,13728.0,5534.0,5534.0,200.0,95837.0,0.00,0.00,95837.0,42944.00,22845.00,65789.00,6000.00,0.00,24048.0,0.31353235180567,12896.00,0.11184832479032776,150408.61000000004,510855.33,360446.72
2022-03-01,115299.0,13728.0,5534.0,5534.0,200.0,95837.0,0.00,113.00,95950.0,42939.00,27755.00,70694.00,6000.00,0.00,19256.0,0.26322042730588846,12896.00,0.11184832479032776,203777.32,557926.65,354149.33
2022-04-01,125676.0,16461.0,6032.0,6032.0,200.0,102983.0,87000.00,89.00,190072.0,44433.00,25475.00,69908.00,109600.00,0.00,10564.0,0.6322025337766741,12896.00,0.10261306852541456,348730.85000000003,686867.05,338136.2
2022-05-01,125676.0,16461.0,6032.0,6032.0,200.0,102983.0,0.00,0.00,102983.0,44574.00,71066.00,115640.00,79600.00,0.00,-92257.0,-0.12290378023557286,12896.00,0.10261306852541456,348991.50000000006,727821.81,378830.31
2022-06-01,125676.0,16461.0,6032.0,6032.0,200.0,102983.0,0.00,0.00,102983.0,56355.00,26338.00,82693.00,9600.00,0.00,10690.0,0.19702280958993232,12896.00,0.10261306852541456,390294.33,711263.99,320969.66
2022-07-01,125676.0,16461.0,6032.0,6032.0,200.0,102983.0,0.00,0.00,102983.0,43630.00,26127.00,69757.00,9600.00,0.00,23626.0,0.32263577483662353,12896.00,0.10261306852541456,449605.98,759753.23,310147.25
2022-08-01,125676.0,16461.0,6032.0,6032.0,200.0,102983.0,0.00,0.00,102983.0,43241.00,27822.00,71063.00,9600.00,0.00,22320.0,0.30995407008923803,12896.00,0.10261306852541456,500155.23000000004,806912.29,306757.06
2022-09-01,125676.0,16461.0,6032.0,6032.0,200.0,102983.0,0.00,0.00,102983.0,43480.00,30700.00,74180.00,9600.00,0.00,19203.0,0.2796869386209374,12896.00,0.10261306852541456,538903.27,836284.37,297381.1
2022-10-01,125676.0,16461.0,6032.0,6032.0,200.0,102983.0,0.00,141.00,103124.0,44649.00,43406.00,88055.00,9600.00,0.00,5469.0,0.1461250533338505,12896.00,0.10261306852541456,572327.6499999999,859314.99,286987.34
2022-11-01,125676.0,16461.0,6032.0,6032.0,200.0,102983.0,0.00,0.00,102983.0,44299.00,47174.00,91473.00,29600.00,0.00,-18090.0,0.11176601963430857,12896.00,0.10261306852541456,607205.84,889003.63,281797.79000000004
2022-12-01,125676.0,16461.0,6032.0,6032.0,200.0,102983.0,0.00,315.00,103298.0,44373.00,57549.00,101922.00,9600.00,0.00,-8224.0,0.01332068384673469,12896.00,0.10261306852541456,631511.02,917078.4600000001,285567.44
2023-01-01,125676.0,16461.0,6032.0,6032.0,200.0,102983.0,0.00,0.00,102983.0,60403.00,25958.00,86361.00,9600.00,0.00,7022.0,0.16140528048318656,12896.00,0.10261306852541456,661561.07,923363.35,261802.28
2023-02-01,125676.0,16461.0,6032.0,6032.0,200.0,102983.0,0.00,0.00,102983.0,44870.00,26557.00,71427.00,9600.00,0.00,21956.0,0.3064195061320801,12896.00,0.10261306852541456,701780.55,936296.86,234516.31
2023-03-01,125676.0,16461.0,6032.0,6032.0,200.0,102983.0,0.00,0.00,102983.0,66215.00,180171.00,246386.00,9600.00,105342.00,-47661.0,-1.3924919646932017,12896.00,0.10261306852541456,-50939.109999999986,833623.4,884562.51
2023-04-01,135730.0,15048.0,6515.0,6515.0,200.0,113967.0,94830.00,289.00,209086.0,60283.00,30644.00,90927.00,50300.00,0.00,67859.0,0.5651215289402447,26389.00,0.19442275104987844,89344.87,954956.75,865611.88
2023-05-01,135730.0,15048.0,6515.0,6515.0,200.0,113967.0,0.00,0.00,113967.0,60284.00,32373.00,92657.00,30300.00,0.00,-8990.0,0.18698395149473093,26389.00,0.19442275104987844,143078.40999999992,986221.21,843142.8
2023-06-01,135730.0,15048.0,6515.0,6515.0,200.0,113967.0,0.00,318.00,114285.0,71735.00,38142.00,109877.00,10300.00,0.00,-5892.0,0.03857024106400665,26389.00,0.19442275104987844,189754.41000000003,1022880.78,833126.37
2023-07-01,183235.0,29869.0,8795.0,8795.0,200.0,144371.0,0.00,0.00,144371.0,58570.00,27904.00,86474.00,18000.00,0.00,39897.0,0.40102929258646125,26389.00,0.14401724561355636,289682.38,1089554.97,799872.59
2023-08-01,183235.0,29869.0,8795.0,8795.0,200.0,144371.0,0.00,0.00,144371.0,58538.00,26099.00,84637.00,18000.00,0.00,41734.0,0.41375345464116753,26389.00,0.14401724561355636,374196.66000000015,1155796.1400000001,781599.48
2023-09-01,183235.0,29869.0,8795.0,8795.0,200.0,144371.0,0.00,227.00,144598.0,58780.00,29668.00,88448.00,18000.00,0.00,38150.0,0.38831795737147123,26389.00,0.14401724561355636,482391.6000000001,1242928.6,760537.0
2023-10-01,183235.0,29869.0,8795.0,8795.0,200.0,144371.0,0.00,290.00,144661.0,59533.00,110208.00,169741.00,18000.00,0.00,-43080.0,-0.1733708463234735,26389.00,0.14401724561355636,486821.3400000001,1297474.5,810653.1599999999
2023-11-01,183235.0,29869.0,8795.0,8795.0,200.0,144371.0,0.00,0.00,144371.0,59706.00,47026.00,106732.00,18000.00,0.00,19639.0,0.26071025344425125,26389.00,0.14401724561355636,558742.2099999998,1282111.13,723368.92
2023-12-01,183235.0,29869.0,8795.0,8795.0,200.0,144371.0,0.00,0.00,144371.0,59885.00,32096.00,91981.00,18000.00,0.00,34390.0,0.36288451281767115,26389.00,0.14401724561355636,662916.1799999999,1365756.46,702840.28
2024-01-01,183235.0,29869.0,8795.0,8795.0,200.0,144371.0,0.00,263.00,144634.0,76602.00,27786.00,104388.00,118000.00,0.00,-77754.0,0.2782609898087587,26389.00,0.14401724561355636,741143.29,1433492.54,692349.25
2024-02-01,183235.0,29869.0,8795.0,8795.0,200.0,144371.0,0.00,0.00,144371.0,59899.00,43985.00,103884.00,18000.00,0.00,22487.0,0.28043720691828694,26389.00,0.14401724561355636,818731.3200000001,1486726.1,667994.78
2024-03-01,183235.0,29869.0,8795.0,8795.0,200.0,144371.0,0.00,371.00,144742.0,86861.00,26998.00,113859.00,18000.00,0.00,12883.0,0.21336585096240207,26389.00,0.14401724561355636,928673.2599999999,1559087.16,630413.9
2024-04-01,199727.0,33498.0,9587.0,9587.0,200.0,156442.0,138262.00,232.00,294936.0,68750.00,84349.00,153099.00,109500.00,0.00,32337.0,0.48090772235332413,26389.00,0.1321253511042573,1108801.12,1781649.6800000002,672848.5599999999
2024-05-01,199727.0,33498.0,9587.0,9587.0,200.0,156442.0,0.00,0.00,156442.0,68936.00,27862.00,96798.00,19500.00,0.00,40144.0,0.3812531161708493,26389.00,0.1321253511042573,1212988.06,1801922.83,588934.77
2024-06-01,199727.0,33498.0,9587.0,9587.0,200.0,156442.0,0.00,0.00,156442.0,81156.00,36419.00,117575.00,19500.00,0.00,19367.0,0.24844351261170275,26389.00,0.1321253511042573,1318197.1400000001,1892750.6600000001,574553.52
2024-07-01,199727.0,33498.0,9587.0,9587.0,200.0,156442.0,0.00,0.00,156442.0,67385.00,30837.00,98222.00,19500.00,0.00,38720.0,0.3721507012183429,26389.00,0.1321253511042573,1395993.36,1943485.1400000001,547491.78
2024-08-01,199727.0,33498.0,9587.0,9587.0,200.0,156442.0,0.00,303.00,156745.0,67505.00,32039.00,99544.00,58607.00,0.00,-1406.0,0.3649303008070433,26389.00,0.1321253511042573,1455298.35,1979419.9100000001,524121.56
2024-09-01,199727.0,33498.0,9587.0,9587.0,200.0,156442.0,0.00,0.00,156442.0,67960.00,30491.00,98451.00,19500.00,0.00,38491.0,0.370686899937357,26389.00,0.1321253511042573,1562344.1,2070893.85,508549.75
2024-10-01,199727.0,33498.0,9587.0,9587.0,200.0,156442.0,0.00,0.00,156442.0,55042.00,48319.00,103361.00,19500.00,0.00,33581.0,0.3393014663581391,13493.00,0.06755721559929304,1638073.5299999998,2139455.8899999997,501382.36
2024-11-01,199727.0,33498.0,9587.0,9587.0,200.0,156442.0,0.00,770.00,157212.0,55059.00,48949.00,104008.00,259500.00,0.00,-206296.0,0.338422003409409,13493.00,0.06755721559929304,1722130.3,2209849.73,487719.43
2024-12-01,199727.0,33498.0,9587.0,9587.0,200.0,156442.0,0.00,360.00,156802.0,54964.00,110512.00,165476.00,19500.00,0.00,-28174.0,-0.05531817196209232,13493.00,0.06755721559929304,1767569.8500000003,2321205.7800000003,553635.9299999999
2025-01-01,199727.0,33498.0,9587.0,9587.0,200.0,156442.0,0.00,0.00,156442.0,73604.00,28460.00,102064.00,19500.00,0.00,34878.0,0.3475920788535048,13493.00,0.06755721559929304,1862593.38,2342703.25,480109.87
2025-02-01,199727.0,33498.0,9587.0,9587.0,200.0,156442.0,0.00,1001.00,157443.0,55071.00,32731.00,87802.00,52041.00,0.00,17600.0,0.44232515894641233,13493.00,0.06755721559929304,1938972.05,2389423.31,450451.26
2025-03-01,199727.0,33498.0,9587.0,9587.0,200.0,156442.0,0.00,237.00,156679.0,73975.00,30411.00,104386.00,19500.00,0.00,32793.0,0.333758831751543,13493.00,0.06755721559929304,2098838.85,2537011.92,438173.07
2025-04-01,217702.0,29573.0,10450.0,10450.0,200.0,177479.0,150706.00,0.00,328185.0,58568.00,33691.00,92259.00,111200.00,0.00,124726.0,0.7188811188811188,13493.00,0.06197921929977676,2301745.2800000003,2732717.6,430972.32
2025-05-01,217702.0,29573.0,10450.0,10450.0,200.0,177479.0,0.00,1403.00,178882.0,59169.00,31715.00,90884.00,271200.00,0.00,-183202.0,0.49193322972685904,13493.00,0.06197921929977676,2349879.0199999996,2772503.01,422623.99
2025-06-01,217702.0,29573.0,10450.0,10450.0,200.0,177479.0,0.00,0.00,177479.0,70124.00,94024.00,164148.00,21200.00,0.00,-7869.0,0.07511311197381099,13493.00,0.06197921929977676,2440457.7000000007,2916429.7700000005,475972.07
2025-07-01,217702.0,29573.0,10450.0,10450.0,200.0,177479.0,0.00,166.00,177645.0,57126.00,35734.00,92860.00,21200.00,0.00,63585.0,0.4772720875904191,13493.00,0.06197921929977676,2578477.7700000005,2979961.3500000006,401483.58
2025-08-01,217702.0,29573.0,10450.0,10450.0,200.0,177479.0,0.00,1199.00,178678.0,57161.00,33324.00,90485.00,21200.00,0.00,66993.0,0.4935862277392852,13493.00,0.06197921929977676,2780191.27,3169254.77,389063.5
2025-09-01,217702.0,29573.0,10450.0,10450.0,200.0,177479.0,0.00,0.00,177479.0,57317.00,44603.00,101920.00,21200.00,0.00,54359.0,0.425734875675432,13493.00,0.06197921929977676,2893872.7900000005,3284432.6100000003,390559.82
2025-10-01,217702.0,29573.0,10450.0,10450.0,200.0,177479.0,0.00,0.00,177479.0,57095.00,54922.00,112017.00,21200.00,0.00,44262.0,0.3688436378388429,13493.00,0.06197921929977676,2974573.58,3355704.13,381130.55
2025-11-01,217702.0,29573.0,10450.0,10450.0,200.0,177479.0,0.00,1266.00,178745.0,57194.00,56303.00,113497.00,286355.00,0.00,-221107.0,0.3650339869646703,13493.00,0.06197921929977676,3052987.15,3420860.82,367873.67
2025-12-01,217702.0,29573.0,10450.0,10450.0,200.0,177479.0,0.00,0.00,177479.0,57524.00,36718.00,94242.00,21200.00,0.00,62037.0,0.46899633196040097,13493.00,0.06197921929977676,3174241.9899999998,3533012.1799999997,358770.19
2026-01-01,217702.0,29573.0,10450.0,10450.0,200.0,177479.0,0.00,387.00,177866.0,77158.00,32106.00,109264.00,21200.00,0.00,47402.0,0.38569484893121786,13493.00,0.06197921929977676,3244955.66,3604243.7600000002,359288.1
2026-02-01,217702.0,29573.0,10450.0,10450.0,200.0,177479.0,0.00,1798.00,179277.0,57492.00,124553.00,182045.00,21200.00,0.00,-23968.0,-0.015439794284821812,13493.00,0.06197921929977676,3289620.11,3706663.5,417043.39
2026-03-01,217702.0,29573.0,10450.0,10450.0,200.0,177479.0,0.00,0.00,177479.0,74313.00,33106.00,107419.00,21200.00,0.00,48860.0,0.3947509282788386,13493.00,0.06197921929977676,3418122.58,3732365.64,314243.06
2026-04-01,237295.0,35686.0,11390.0,11390.0,200.0,190019.0,164269.00,181.00,354469.0,61332.00,32318.00,93650.00,113000.00,0.00,147819.0,0.7358020024318065,13493.00,0.056861712214753786,3688371.0,3992578.1,304207.1
2026-05-01,237295.0,35686.0,11390.0,11390.0,200.0,190019.0,0.00,1911.00,191930.0,61002.00,34906.00,95908.00,353000.00,0.00,-256978.0,0.5002969832751524,13493.00,0.056861712214753786,3923445.770000001,4217913.290000001,294467.52
2026-06-01,237295.0,35686.0,11390.0,11390.0,200.0,190019.0,0.00,252.00,190271.0,72720.00,36101.00,108821.00,23000.00,0.00,58450.0,0.42807364233120127,13493.00,0.056861712214753786,4008413.63,4293093.93,284680.3
2026-07-01,237295.0,35686.0,11390.0,11390.0,200.0,190019.0,0.00,0.00,190019.0,58941.00,35777.00,94718.00,23000.00,0.00,72301.0,0.5015340571206037,13493.00,0.056861712214753786,4156071.9500000007,4428782.390000001,272710.44
2026-08-01,237295.0,35686.0,11390.0,11390.0,200.0,190019.0,0.00,2304.00,192323.0,59640.00,37111.00,96751.00,23000.00,0.00,72572.0,0.4969348439864187,13493.00,0.056861712214753786,4345546.7299999995,4605791.67,260244.94
2026-09-01,237295.0,35686.0,11390.0,11390.0,200.0,190019.0,0.00,0.00,190019.0,59434.00,35550.00,94984.00,23000.00,0.00,72035.0,0.5001341971066051,13493.00,0.056861712214753786,4402289.5,4650421.29,248131.79
