txn_date,description,amount,dr_cr
2021-10-01,CULTFIT MEMBERSHIP,2200.0,Dr
2021-10-02,POS PARADISE BIRYANI HYDERABAD,745.0,Dr
2021-10-02,DECATHLON,1095.0,Dr
2021-10-06,BOOKMYSHOW,1161.0,Dr
2021-10-08,NETFLIX.COM,649.0,Dr
2021-10-10,POS PARADISE BIRYANI HYDERABAD,227.0,Dr
2021-10-10,MYNTRA DESIGNS,2235.0,Dr
2021-10-11,SPOTIFY INDIA,119.0,Dr
2021-10-11,POS CAFE NILOUFER HYDERABAD,128.0,Dr
2021-10-13,POS DMART AVENUE SUPERMARTS,1679.0,Dr
2021-10-14,POS CAFE NILOUFER HYDERABAD,732.0,Dr
2021-10-15,GOOGLE YOUTUBE PREMIUM,129.0,Dr
2021-10-15,IKEA HYDERABAD,1430.0,Dr
2021-10-18,POS CAFE NILOUFER HYDERABAD,1008.0,Dr
2021-10-21,AMAZON PAY INDIA,5543.0,Dr
2021-10-22,BOOKMYSHOW,703.0,Dr
2021-10-24,DECATHLON,912.0,Dr
2021-10-25,POS DMART AVENUE SUPERMARTS,939.0,Dr
2021-10-25,PRACTO CONSULTATION,2119.0,Dr
2021-11-01,CULTFIT MEMBERSHIP,2210.0,Dr
2021-11-02,POS TRUFFLES HYDERABAD,500.0,Dr
2021-11-02,BOOKMYSHOW,1025.0,Dr
2021-11-03,PAYMENT RECEIVED - THANK YOU,23753.0,Cr
2021-11-08,NETFLIX.COM,649.0,Dr
2021-11-08,POS DMART AVENUE SUPERMARTS,745.0,Dr
2021-11-08,POS CAFE NILOUFER HYDERABAD,226.0,Dr
2021-11-09,POS PARADISE BIRYANI HYDERABAD,623.0,Dr
2021-11-09,BOOKMYSHOW,678.0,Dr
2021-11-11,SPOTIFY INDIA,119.0,Dr
2021-11-11,POS DMART AVENUE SUPERMARTS,1518.0,Dr
2021-11-13,FLIPKART,9388.0,Dr
2021-11-15,GOOGLE YOUTUBE PREMIUM,129.0,Dr
2021-11-21,FLIPKART,1268.0,Dr
2021-12-01,CULTFIT MEMBERSHIP,2220.0,Dr
2021-12-01,BOOKMYSHOW,1010.0,Dr
2021-12-03,DECATHLON,2356.0,Dr
2021-12-03,MAKEMYTRIP FLIGHTS,17100.0,Dr
2021-12-03,PAYMENT RECEIVED - THANK YOU,19078.0,Cr
2021-12-08,NETFLIX.COM,649.0,Dr
2021-12-11,SPOTIFY INDIA,119.0,Dr
2021-12-11,IKEA HYDERABAD,1294.0,Dr
2021-12-12,CASHBACK CREDIT,174.0,Cr
2021-12-13,POS PARADISE BIRYANI HYDERABAD,1857.0,Dr
2021-12-15,GOOGLE YOUTUBE PREMIUM,129.0,Dr
2021-12-16,POS TRUFFLES HYDERABAD,537.0,Dr
2021-12-16,MAKEMYTRIP HOTELS,13300.0,Dr
2021-12-19,POS DMART AVENUE SUPERMARTS,2600.0,Dr
2021-12-19,POS LOCAL EXPENSES TRAVEL,7600.0,Dr
2021-12-20,BOOKMYSHOW,828.0,Dr
2021-12-23,MYNTRA DESIGNS,1339.0,Dr
2022-01-01,CULTFIT MEMBERSHIP,2230.0,Dr
2022-01-03,PAYMENT RECEIVED - THANK YOU,52764.0,Cr
2022-01-03,CASHBACK CREDIT,364.0,Cr
2022-01-08,NETFLIX.COM,649.0,Dr
2022-01-08,IKEA HYDERABAD,3089.0,Dr
2022-01-11,SPOTIFY INDIA,119.0,Dr
2022-01-11,POS PARADISE BIRYANI HYDERABAD,678.0,Dr
2022-01-12,FLIPKART,1178.0,Dr
2022-01-14,POS DMART AVENUE SUPERMARTS,334.0,Dr
2022-01-14,POS TRUFFLES HYDERABAD,652.0,Dr
2022-01-15,GOOGLE YOUTUBE PREMIUM,129.0,Dr
2022-01-17,POS PARADISE BIRYANI HYDERABAD,664.0,Dr
2022-01-18,STAR HEALTH INSURANCE PREMIUM,14500.0,Dr
2022-01-22,POS PARADISE BIRYANI HYDERABAD,1460.0,Dr
2022-01-23,AMAZON PAY INDIA REFUND,2340.0,Cr
2022-01-26,BOOKMYSHOW,504.0,Dr
2022-02-01,CULTFIT MEMBERSHIP,2240.0,Dr
2022-02-03,POS TRUFFLES HYDERABAD,699.0,Dr
2022-02-03,PAYMENT RECEIVED - THANK YOU,23482.0,Cr
2022-02-08,NETFLIX.COM,649.0,Dr
2022-02-08,POS PARADISE BIRYANI HYDERABAD,114.0,Dr
2022-02-10,DECATHLON,1952.0,Dr
2022-02-11,SPOTIFY INDIA,119.0,Dr
2022-02-13,MYNTRA DESIGNS,1671.0,Dr
2022-02-15,GOOGLE YOUTUBE PREMIUM,129.0,Dr
2022-02-15,POS CAFE NILOUFER HYDERABAD,897.0,Dr
2022-02-16,POS CAFE NILOUFER HYDERABAD,202.0,Dr
2022-02-17,BOOKMYSHOW,532.0,Dr
2022-02-22,POS DMART AVENUE SUPERMARTS,1181.0,Dr
2022-02-25,IKEA HYDERABAD,1224.0,Dr
2022-03-01,CULTFIT MEMBERSHIP,2250.0,Dr
2022-03-02,DECATHLON,1366.0,Dr
2022-03-03,PAYMENT RECEIVED - THANK YOU,11609.0,Cr
2022-03-05,POS CAFE NILOUFER HYDERABAD,152.0,Dr
2022-03-05,CASHBACK CREDIT,113.0,Cr
2022-03-07,POS DMART AVENUE SUPERMARTS,992.0,Dr
2022-03-08,NETFLIX.COM,649.0,Dr
2022-03-11,SPOTIFY INDIA,119.0,Dr
2022-03-11,MYNTRA DESIGNS,1586.0,Dr
2022-03-14,POS TRUFFLES HYDERABAD,428.0,Dr
2022-03-14,MYNTRA DESIGNS,1242.0,Dr
2022-03-15,GOOGLE YOUTUBE PREMIUM,129.0,Dr
2022-03-16,IKEA HYDERABAD,1052.0,Dr
2022-03-17,POS DMART AVENUE SUPERMARTS,2162.0,Dr
2022-03-20,POS TRUFFLES HYDERABAD,390.0,Dr
2022-03-20,PRACTO CONSULTATION,2448.0,Dr
2022-03-22,POS DMART AVENUE SUPERMARTS,1365.0,Dr
2022-03-23,BOOKMYSHOW,603.0,Dr
2022-03-28,AMAZON PAY INDIA REFUND,1665.0,Cr
2022-04-01,CULTFIT MEMBERSHIP,2270.0,Dr
2022-04-01,MYNTRA DESIGNS,886.0,Dr
2022-04-02,FLIPKART,1463.0,Dr
2022-04-03,PAYMENT RECEIVED - THANK YOU,15155.0,Cr
2022-04-03,CASHBACK CREDIT,89.0,Cr
2022-04-08,NETFLIX.COM,649.0,Dr
2022-04-11,SPOTIFY INDIA,119.0,Dr
2022-04-13,IKEA HYDERABAD,410.0,Dr
2022-04-15,GOOGLE YOUTUBE PREMIUM,129.0,Dr
2022-04-15,FLIPKART,241.0,Dr
2022-04-20,POS PARADISE BIRYANI HYDERABAD,953.0,Dr
2022-04-25,PVR INOX,703.0,Dr
2022-04-26,IKEA HYDERABAD,1338.0,Dr
2022-05-01,CULTFIT MEMBERSHIP,2280.0,Dr
2022-05-03,PAYMENT RECEIVED - THANK YOU,9072.0,Cr
2022-05-06,MAKEMYTRIP FLIGHTS,20250.0,Dr
2022-05-08,NETFLIX.COM,649.0,Dr
2022-05-10,PVR INOX,714.0,Dr
2022-05-11,SPOTIFY INDIA,119.0,Dr
2022-05-11,AMAZON PAY INDIA REFUND,1787.0,Cr
2022-05-12,FLIPKART,2946.0,Dr
2022-05-14,IKEA HYDERABAD,3486.0,Dr
2022-05-15,GOOGLE YOUTUBE PREMIUM,129.0,Dr
2022-05-15,POS CAFE NILOUFER HYDERABAD,3171.0,Dr
2022-05-18,POS LOCAL EXPENSES TRAVEL,9000.0,Dr
2022-05-20,POS PARADISE BIRYANI HYDERABAD,478.0,Dr
2022-05-20,MAKEMYTRIP HOTELS,15750.0,Dr
2022-05-21,POS DMART AVENUE SUPERMARTS,1331.0,Dr
2022-05-26,POS DMART AVENUE SUPERMARTS,1267.0,Dr
2022-06-01,CULTFIT MEMBERSHIP,2290.0,Dr
2022-06-03,PAYMENT RECEIVED - THANK YOU,59783.0,Cr
2022-06-04,POS TRUFFLES HYDERABAD,399.0,Dr
2022-06-07,POS PARADISE BIRYANI HYDERABAD,980.0,Dr
2022-06-08,NETFLIX.COM,649.0,Dr
2022-06-09,POS TRUFFLES HYDERABAD,422.0,Dr
2022-06-11,SPOTIFY INDIA,119.0,Dr
2022-06-11,IKEA HYDERABAD,534.0,Dr
2022-06-13,POS DMART AVENUE SUPERMARTS,1026.0,Dr
2022-06-14,BOOKMYSHOW,1376.0,Dr
2022-06-15,GOOGLE YOUTUBE PREMIUM,129.0,Dr
2022-06-16,DECATHLON,1661.0,Dr
2022-06-24,DECATHLON,1068.0,Dr
2022-06-25,POS PARADISE BIRYANI HYDERABAD,590.0,Dr
2022-06-27,POS TRUFFLES HYDERABAD,231.0,Dr
2022-06-28,FLIPKART,553.0,Dr
2022-07-01,CULTFIT MEMBERSHIP,2300.0,Dr
2022-07-03,POS PARADISE BIRYANI HYDERABAD,143.0,Dr
2022-07-03,PAYMENT RECEIVED - THANK YOU,12027.0,Cr
2022-07-05,AMAZON PAY INDIA,2139.0,Dr
2022-07-07,BOOKMYSHOW,1106.0,Dr
2022-07-08,NETFLIX.COM,649.0,Dr
2022-07-08,MYNTRA DESIGNS,635.0,Dr
2022-07-08,IKEA HYDERABAD,689.0,Dr
2022-07-11,SPOTIFY INDIA,119.0,Dr
2022-07-12,BOOKMYSHOW,1265.0,Dr
2022-07-14,AMAZON PAY INDIA,305.0,Dr
2022-07-15,GOOGLE YOUTUBE PREMIUM,129.0,Dr
2022-07-19,FLIPKART,904.0,Dr
2022-07-22,POS PARADISE BIRYANI HYDERABAD,483.0,Dr
2022-07-25,POS PARADISE BIRYANI HYDERABAD,364.0,Dr
2022-07-26,POS TRUFFLES HYDERABAD,167.0,Dr
2022-08-01,CULTFIT MEMBERSHIP,2310.0,Dr
2022-08-01,POS CAFE NILOUFER HYDERABAD,444.0,Dr
2022-08-03,PAYMENT RECEIVED - THANK YOU,11397.0,Cr
2022-08-04,POS TRUFFLES HYDERABAD,91.0,Dr
2022-08-08,NETFLIX.COM,649.0,Dr
2022-08-11,SPOTIFY INDIA,119.0,Dr
2022-08-11,PVR INOX,753.0,Dr
2022-08-12,IKEA HYDERABAD,2092.0,Dr
2022-08-14,POS DMART AVENUE SUPERMARTS,512.0,Dr
2022-08-14,DECATHLON,1597.0,Dr
2022-08-14,FLIPKART,868.0,Dr
2022-08-14,PVR INOX,620.0,Dr
2022-08-15,GOOGLE YOUTUBE PREMIUM,129.0,Dr
2022-08-15,POS PARADISE BIRYANI HYDERABAD,440.0,Dr
2022-08-18,DECATHLON,855.0,Dr
2022-08-19,POS PARADISE BIRYANI HYDERABAD,651.0,Dr
2022-08-19,MYNTRA DESIGNS,1007.0,Dr
2022-08-24,POS PARADISE BIRYANI HYDERABAD,307.0,Dr
2022-08-25,POS DMART AVENUE SUPERMARTS,4845.0,Dr
2022-09-01,CULTFIT MEMBERSHIP,2320.0,Dr
2022-09-03,POS DMART AVENUE SUPERMARTS,1476.0,Dr
2022-09-03,PAYMENT RECEIVED - THANK YOU,18289.0,Cr
2022-09-08,NETFLIX.COM,649.0,Dr
2022-09-08,POS PARADISE BIRYANI HYDERABAD,883.0,Dr
2022-09-10,POS DMART AVENUE SUPERMARTS,979.0,Dr
2022-09-11,SPOTIFY INDIA,119.0,Dr
2022-09-11,POS PARADISE BIRYANI HYDERABAD,1042.0,Dr
2022-09-11,POS PARADISE BIRYANI HYDERABAD,460.0,Dr
2022-09-13,PVR INOX,1298.0,Dr
2022-09-15,GOOGLE YOUTUBE PREMIUM,129.0,Dr
2022-09-19,AMAZON PAY INDIA,3945.0,Dr
2022-09-22,DECATHLON,2621.0,Dr
2022-09-26,PRACTO CONSULTATION,2157.0,Dr
2022-09-27,POS PARADISE BIRYANI HYDERABAD,1207.0,Dr
2022-10-01,CULTFIT MEMBERSHIP,2330.0,Dr
2022-10-02,CASHBACK CREDIT,141.0,Cr
2022-10-03,PAYMENT RECEIVED - THANK YOU,19285.0,Cr
2022-10-06,POS DMART AVENUE SUPERMARTS,2191.0,Dr
2022-10-08,NETFLIX.COM,649.0,Dr
2022-10-11,SPOTIFY INDIA,119.0,Dr
2022-10-12,PVR INOX,1017.0,Dr
2022-10-13,AMAZON PAY INDIA,6069.0,Dr
2022-10-15,GOOGLE YOUTUBE PREMIUM,129.0,Dr
2022-10-17,POS PARADISE BIRYANI HYDERABAD,1507.0,Dr
2022-10-22,AMAZON PAY INDIA,2932.0,Dr
2022-10-24,POS PARADISE BIRYANI HYDERABAD,351.0,Dr
2022-10-24,AMAZON PAY INDIA,998.0,Dr
2022-10-26,BOOKMYSHOW,1203.0,Dr
2022-11-01,CULTFIT MEMBERSHIP,2340.0,Dr
2022-11-02,POS TRUFFLES HYDERABAD,1078.0,Dr
2022-11-03,PAYMENT RECEIVED - THANK YOU,19354.0,Cr
2022-11-06,DECATHLON,11916.0,Dr
2022-11-08,NETFLIX.COM,649.0,Dr
2022-11-08,POS PARADISE BIRYANI HYDERABAD,602.0,Dr
2022-11-11,SPOTIFY INDIA,119.0,Dr
2022-11-15,GOOGLE YOUTUBE PREMIUM,129.0,Dr
2022-11-15,PVR INOX,846.0,Dr
2022-11-21,DECATHLON,2725.0,Dr
2022-11-23,PRACTO CONSULTATION,2135.0,Dr
2022-11-24,POS PARADISE BIRYANI HYDERABAD,2180.0,Dr
2022-12-01,CULTFIT MEMBERSHIP,2350.0,Dr
2022-12-03,DECATHLON,266.0,Dr
2022-12-03,PAYMENT RECEIVED - THANK YOU,24719.0,Cr
2022-12-04,IKEA HYDERABAD,1091.0,Dr
2022-12-06,MAKEMYTRIP FLIGHTS,13500.0,Dr
2022-12-08,NETFLIX.COM,649.0,Dr
2022-12-10,AMAZON PAY INDIA,1372.0,Dr
2022-12-11,SPOTIFY INDIA,119.0,Dr
2022-12-14,DECATHLON,1039.0,Dr
2022-12-15,GOOGLE YOUTUBE PREMIUM,129.0,Dr
2022-12-16,PVR INOX,657.0,Dr
2022-12-16,CASHBACK CREDIT,315.0,Cr
2022-12-20,MAKEMYTRIP HOTELS,10500.0,Dr
2022-12-21,POS CAFE NILOUFER HYDERABAD,691.0,Dr
2022-12-22,POS LOCAL EXPENSES TRAVEL,6000.0,Dr
2022-12-23,AMAZON PAY INDIA REFUND,962.0,Cr
2022-12-25,DECATHLON,1677.0,Dr
2022-12-28,POS CAFE NILOUFER HYDERABAD,372.0,Dr
2023-01-01,CULTFIT MEMBERSHIP,2370.0,Dr
2023-01-03,PAYMENT RECEIVED - THANK YOU,39135.0,Cr
2023-01-05,POS CAFE NILOUFER HYDERABAD,256.0,Dr
2023-01-06,POS PARADISE BIRYANI HYDERABAD,523.0,Dr
2023-01-08,NETFLIX.COM,649.0,Dr
2023-01-09,POS TRUFFLES HYDERABAD,265.0,Dr
2023-01-10,AMAZON PAY INDIA,506.0,Dr
2023-01-11,SPOTIFY INDIA,119.0,Dr
2023-01-14,MYNTRA DESIGNS,853.0,Dr
2023-01-15,GOOGLE YOUTUBE PREMIUM,129.0,Dr
2023-01-17,POS CAFE NILOUFER HYDERABAD,801.0,Dr
2023-01-17,PVR INOX,902.0,Dr
2023-01-18,STAR HEALTH INSURANCE PREMIUM,15660.0,Dr
2023-01-18,IKEA HYDERABAD,1191.0,Dr
2023-01-19,FLIPKART,321.0,Dr
2023-01-19,BOOKMYSHOW,769.0,Dr
2023-01-26,PRACTO CONSULTATION,796.0,Dr
2023-02-01,CULTFIT MEMBERSHIP,2380.0,Dr
2023-02-03,PAYMENT RECEIVED - THANK YOU,26110.0,Cr
2023-02-05,POS TRUFFLES HYDERABAD,207.0,Dr
2023-02-06,IKEA HYDERABAD,896.0,Dr
2023-02-08,NETFLIX.COM,649.0,Dr
2023-02-10,POS DMART AVENUE SUPERMARTS,200.0,Dr
2023-02-11,SPOTIFY INDIA,119.0,Dr
2023-02-11,POS PARADISE BIRYANI HYDERABAD,604.0,Dr
2023-02-11,MYNTRA DESIGNS,260.0,Dr
2023-02-13,BOOKMYSHOW,853.0,Dr
2023-02-15,GOOGLE YOUTUBE PREMIUM,129.0,Dr
2023-02-16,POS PARADISE BIRYANI HYDERABAD,157.0,Dr
2023-02-16,MYNTRA DESIGNS,726.0,Dr
2023-02-17,IKEA HYDERABAD,279.0,Dr
2023-02-21,DECATHLON,557.0,Dr
2023-02-24,POS CAFE NILOUFER HYDERABAD,371.0,Dr
2023-02-27,POS DMART AVENUE SUPERMARTS,1271.0,Dr
2023-03-01,CULTFIT MEMBERSHIP,2390.0,Dr
2023-03-02,POS CAFE NILOUFER HYDERABAD,998.0,Dr
2023-03-03,POS TRUFFLES HYDERABAD,588.0,Dr
2023-03-03,PAYMENT RECEIVED - THANK YOU,9658.0,Cr
2023-03-05,AMAZON PAY INDIA,662.0,Dr
2023-03-06,FLIPKART,1050.0,Dr
2023-03-07,POS PARADISE BIRYANI HYDERABAD,469.0,Dr
2023-03-08,NETFLIX.COM,649.0,Dr
2023-03-09,IKEA HYDERABAD,638.0,Dr
2023-03-11,SPOTIFY INDIA,119.0,Dr
2023-03-14,IOCL FUEL,1893.0,Dr
2023-03-14,PVR INOX,1254.0,Dr
2023-03-15,GOOGLE YOUTUBE PREMIUM,129.0,Dr
2023-03-15,POS DMART AVENUE SUPERMARTS,2279.0,Dr
2023-03-15,POS PARADISE BIRYANI HYDERABAD,852.0,Dr
2023-03-17,PVR INOX,639.0,Dr
2023-03-18,POS TRUFFLES HYDERABAD,1051.0,Dr
2023-03-19,POS PARADISE BIRYANI HYDERABAD,700.0,Dr
2023-03-20,AMAZON PAY INDIA,714.0,Dr
2023-03-24,POS DMART AVENUE SUPERMARTS,628.0,Dr
2023-03-24,IOCL FUEL,1868.0,Dr
2023-03-28,POS CAFE NILOUFER HYDERABAD,506.0,Dr
2023-03-28,DECATHLON,557.0,Dr
2023-04-01,CULTFIT MEMBERSHIP,2400.0,Dr
2023-04-03,PAYMENT RECEIVED - THANK YOU,20633.0,Cr
2023-04-04,CASHBACK CREDIT,289.0,Cr
2023-04-05,POS DMART AVENUE SUPERMARTS,1751.0,Dr
2023-04-05,POS CAFE NILOUFER HYDERABAD,1002.0,Dr
2023-04-05,AMAZON PAY INDIA,509.0,Dr
2023-04-06,HPCL FUEL,1640.0,Dr
2023-04-06,AMAZON PAY INDIA,2032.0,Dr
2023-04-06,DECATHLON,292.0,Dr
2023-04-07,POS TRUFFLES HYDERABAD,909.0,Dr
2023-04-07,HPCL FUEL,1955.0,Dr
2023-04-07,FLIPKART,1908.0,Dr
2023-04-08,NETFLIX.COM,649.0,Dr
2023-04-09,PRACTO CONSULTATION,1451.0,Dr
2023-04-11,SPOTIFY INDIA,119.0,Dr
2023-04-13,POS PARADISE BIRYANI HYDERABAD,422.0,Dr
2023-04-15,GOOGLE YOUTUBE PREMIUM,129.0,Dr
2023-04-18,POS PARADISE BIRYANI HYDERABAD,400.0,Dr
2023-04-18,POS PARADISE BIRYANI HYDERABAD,204.0,Dr
2023-04-19,DECATHLON,870.0,Dr
2023-04-21,PVR INOX,696.0,Dr
2023-04-23,POS DMART AVENUE SUPERMARTS,2275.0,Dr
2023-05-01,CULTFIT MEMBERSHIP,2410.0,Dr
2023-05-01,MYNTRA DESIGNS,2098.0,Dr
2023-05-02,IKEA HYDERABAD,1139.0,Dr
2023-05-03,PAYMENT RECEIVED - THANK YOU,21324.0,Cr
2023-05-04,AMAZON PAY INDIA,1843.0,Dr
2023-05-05,POS DMART AVENUE SUPERMARTS,1004.0,Dr
2023-05-07,POS CAFE NILOUFER HYDERABAD,1740.0,Dr
2023-05-08,NETFLIX.COM,649.0,Dr
2023-05-08,IKEA HYDERABAD,1047.0,Dr
2023-05-11,SPOTIFY INDIA,119.0,Dr
2023-05-14,POS PARADISE BIRYANI HYDERABAD,407.0,Dr
2023-05-14,IOCL FUEL,2354.0,Dr
2023-05-15,GOOGLE YOUTUBE PREMIUM,129.0,Dr
2023-05-22,BOOKMYSHOW,1494.0,Dr
2023-05-25,POS PARADISE BIRYANI HYDERABAD,245.0,Dr
2023-05-26,IOCL FUEL,1980.0,Dr
2023-06-01,CULTFIT MEMBERSHIP,2420.0,Dr
2023-06-01,CASHBACK CREDIT,318.0,Cr
2023-06-03,POS DMART AVENUE SUPERMARTS,3139.0,Dr
2023-06-03,PAYMENT RECEIVED - THANK YOU,18658.0,Cr
2023-06-04,POS TRUFFLES HYDERABAD,800.0,Dr
2023-06-05,POS PARADISE BIRYANI HYDERABAD,240.0,Dr
2023-06-06,BOOKMYSHOW,582.0,Dr
2023-06-08,NETFLIX.COM,649.0,Dr
2023-06-08,IOCL FUEL,2330.0,Dr
2023-06-11,SPOTIFY INDIA,119.0,Dr
2023-06-11,IOCL FUEL,2512.0,Dr
2023-06-11,DECATHLON,2247.0,Dr
2023-06-13,POS VARUN MOTORS SERVICE,8718.0,Dr
2023-06-13,AMAZON PAY INDIA,1038.0,Dr
2023-06-15,GOOGLE YOUTUBE PREMIUM,129.0,Dr
2023-06-17,POS PARADISE BIRYANI HYDERABAD,802.0,Dr
2023-06-24,PVR INOX,1392.0,Dr
2023-06-25,AMAZON PAY INDIA,716.0,Dr
2023-06-26,POS TRUFFLES HYDERABAD,510.0,Dr
2023-06-27,POS CAFE NILOUFER HYDERABAD,583.0,Dr
2023-07-01,CULTFIT MEMBERSHIP,2440.0,Dr
2023-07-01,POS CAFE NILOUFER HYDERABAD,487.0,Dr
2023-07-01,HPCL FUEL,2356.0,Dr
2023-07-02,IOCL FUEL,2374.0,Dr
2023-07-03,PAYMENT RECEIVED - THANK YOU,28608.0,Cr
2023-07-05,PVR INOX,525.0,Dr
2023-07-07,POS TRUFFLES HYDERABAD,464.0,Dr
2023-07-08,NETFLIX.COM,649.0,Dr
2023-07-11,SPOTIFY INDIA,119.0,Dr
2023-07-15,GOOGLE YOUTUBE PREMIUM,129.0,Dr
2023-07-15,AMAZON PAY INDIA,1434.0,Dr
2023-07-15,MYNTRA DESIGNS,1666.0,Dr
2023-07-19,POS PARADISE BIRYANI HYDERABAD,1019.0,Dr
2023-07-21,MYNTRA DESIGNS,524.0,Dr
2023-07-25,PVR INOX,1298.0,Dr
2023-08-01,CULTFIT MEMBERSHIP,2450.0,Dr
2023-08-03,PAYMENT RECEIVED - THANK YOU,15484.0,Cr
2023-08-05,POS DMART AVENUE SUPERMARTS,549.0,Dr
2023-08-08,NETFLIX.COM,649.0,Dr
2023-08-08,POS CAFE NILOUFER HYDERABAD,604.0,Dr
2023-08-09,POS DMART AVENUE SUPERMARTS,965.0,Dr
2023-08-10,POS CAFE NILOUFER HYDERABAD,167.0,Dr
2023-08-11,SPOTIFY INDIA,119.0,Dr
2023-08-11,BOOKMYSHOW,684.0,Dr
2023-08-12,POS DMART AVENUE SUPERMARTS,1065.0,Dr
2023-08-15,GOOGLE YOUTUBE PREMIUM,129.0,Dr
2023-08-16,IOCL FUEL,1829.0,Dr
2023-08-17,FLIPKART,639.0,Dr
2023-08-19,HPCL FUEL,2370.0,Dr
2023-08-23,POS DMART AVENUE SUPERMARTS,1576.0,Dr
2023-08-24,POS DMART AVENUE SUPERMARTS,631.0,Dr
2023-08-26,IKEA HYDERABAD,1689.0,Dr
2023-08-26,IKEA HYDERABAD,1390.0,Dr
2023-09-01,CULTFIT MEMBERSHIP,2460.0,Dr
2023-09-03,PAYMENT RECEIVED - THANK YOU,17505.0,Cr
2023-09-04,HPCL FUEL,1752.0,Dr
2023-09-07,POS PARADISE BIRYANI HYDERABAD,518.0,Dr
2023-09-07,MYNTRA DESIGNS,835.0,Dr
2023-09-08,NETFLIX.COM,649.0,Dr
2023-09-09,HPCL FUEL,2200.0,Dr
2023-09-09,AMAZON PAY INDIA REFUND,2200.0,Cr
2023-09-09,CASHBACK CREDIT,227.0,Cr
2023-09-10,POS TRUFFLES HYDERABAD,595.0,Dr
2023-09-11,SPOTIFY INDIA,119.0,Dr
2023-09-15,GOOGLE YOUTUBE PREMIUM,129.0,Dr
2023-09-15,POS DMART AVENUE SUPERMARTS,1282.0,Dr
2023-09-18,AMAZON PAY INDIA,1034.0,Dr
2023-09-18,MYNTRA DESIGNS,1298.0,Dr
2023-09-20,POS CAFE NILOUFER HYDERABAD,811.0,Dr
2023-09-22,BOOKMYSHOW,1562.0,Dr
2023-09-25,DECATHLON,1009.0,Dr
2023-09-25,AMAZON PAY INDIA,2757.0,Dr
2023-09-28,POS PARADISE BIRYANI HYDERABAD,320.0,Dr
2023-10-01,CULTFIT MEMBERSHIP,2470.0,Dr
2023-10-03,IKEA HYDERABAD,2870.0,Dr
2023-10-03,PAYMENT RECEIVED - THANK YOU,16903.0,Cr
2023-10-04,IOCL FUEL,2292.0,Dr
2023-10-04,MAKEMYTRIP FLIGHTS,27900.0,Dr
2023-10-06,IKEA HYDERABAD,3606.0,Dr
2023-10-08,NETFLIX.COM,649.0,Dr
2023-10-09,POS TRUFFLES HYDERABAD,475.0,Dr
2023-10-09,IOCL FUEL,2289.0,Dr
2023-10-10,POS DMART AVENUE SUPERMARTS,414.0,Dr
2023-10-10,BOOKMYSHOW,638.0,Dr
2023-10-11,SPOTIFY INDIA,119.0,Dr
2023-10-13,FLIPKART,3386.0,Dr
2023-10-13,PRACTO CONSULTATION,832.0,Dr
2023-10-14,MAKEMYTRIP HOTELS,21700.0,Dr
2023-10-15,GOOGLE YOUTUBE PREMIUM,129.0,Dr
2023-10-16,FLIPKART,1311.0,Dr
2023-10-18,POS DMART AVENUE SUPERMARTS,964.0,Dr
2023-10-18,POS LOCAL EXPENSES TRAVEL,12400.0,Dr
2023-10-20,CASHBACK CREDIT,290.0,Cr
2023-10-22,AMAZON PAY INDIA,2128.0,Dr
2023-10-27,POS DMART AVENUE SUPERMARTS,1366.0,Dr
2023-11-01,CULTFIT MEMBERSHIP,2480.0,Dr
2023-11-01,POS TRUFFLES HYDERABAD,815.0,Dr
2023-11-01,IKEA HYDERABAD,2953.0,Dr
2023-11-02,BOOKMYSHOW,753.0,Dr
2023-11-02,PVR INOX,1382.0,Dr
2023-11-03,POS DMART AVENUE SUPERMARTS,911.0,Dr
2023-11-03,PAYMENT RECEIVED - THANK YOU,87648.0,Cr
2023-11-08,NETFLIX.COM,649.0,Dr
2023-11-08,POS CAFE NILOUFER HYDERABAD,155.0,Dr
2023-11-08,DECATHLON,2188.0,Dr
2023-11-08,PRACTO CONSULTATION,1378.0,Dr
2023-11-11,SPOTIFY INDIA,119.0,Dr
2023-11-15,GOOGLE YOUTUBE PREMIUM,129.0,Dr
2023-11-16,IOCL FUEL,2193.0,Dr
2023-11-18,IOCL FUEL,2191.0,Dr
2023-11-18,DECATHLON,591.0,Dr
2023-11-19,MYNTRA DESIGNS,2275.0,Dr
2023-12-01,CULTFIT MEMBERSHIP,2500.0,Dr
2023-12-03,PAYMENT RECEIVED - THANK YOU,21162.0,Cr
2023-12-08,NETFLIX.COM,649.0,Dr
2023-12-08,DECATHLON,674.0,Dr
2023-12-10,IOCL FUEL,2349.0,Dr
2023-12-11,SPOTIFY INDIA,119.0,Dr
2023-12-13,POS PARADISE BIRYANI HYDERABAD,980.0,Dr
2023-12-14,HPCL FUEL,1977.0,Dr
2023-12-15,GOOGLE YOUTUBE PREMIUM,129.0,Dr
2023-12-17,POS TRUFFLES HYDERABAD,1452.0,Dr
2023-12-18,IKEA HYDERABAD,2567.0,Dr
2023-12-21,AMAZON PAY INDIA REFUND,1862.0,Cr
2023-12-22,POS PARADISE BIRYANI HYDERABAD,691.0,Dr
2023-12-23,POS VARUN MOTORS SERVICE,5369.0,Dr
2023-12-26,POS TRUFFLES HYDERABAD,1150.0,Dr
2023-12-26,PVR INOX,1360.0,Dr
2023-12-28,PVR INOX,1498.0,Dr
2024-01-01,CULTFIT MEMBERSHIP,2510.0,Dr
2024-01-02,POS TRUFFLES HYDERABAD,705.0,Dr
2024-01-03,FLIPKART,1875.0,Dr
2024-01-03,PAYMENT RECEIVED - THANK YOU,21602.0,Cr
2024-01-06,MYNTRA DESIGNS,412.0,Dr
2024-01-07,POS CAFE NILOUFER HYDERABAD,289.0,Dr
2024-01-08,NETFLIX.COM,649.0,Dr
2024-01-11,SPOTIFY INDIA,119.0,Dr
2024-01-11,POS PARADISE BIRYANI HYDERABAD,1334.0,Dr
2024-01-11,CASHBACK CREDIT,263.0,Cr
2024-01-15,GOOGLE YOUTUBE PREMIUM,129.0,Dr
2024-01-15,AMAZON PAY INDIA,586.0,Dr
2024-01-15,DECATHLON,494.0,Dr
2024-01-17,PVR INOX,745.0,Dr
2024-01-18,STAR HEALTH INSURANCE PREMIUM,16913.0,Dr
2024-01-19,BOOKMYSHOW,556.0,Dr
2024-01-25,POS CAFE NILOUFER HYDERABAD,346.0,Dr
2024-01-25,IKEA HYDERABAD,853.0,Dr
2024-01-27,HPCL FUEL,1916.0,Dr
2024-01-27,HPCL FUEL,2084.0,Dr
2024-02-01,CULTFIT MEMBERSHIP,2520.0,Dr
2024-02-01,IOCL FUEL,2696.0,Dr
2024-02-03,IKEA HYDERABAD,2317.0,Dr
2024-02-03,PAYMENT RECEIVED - THANK YOU,32252.0,Cr
2024-02-08,NETFLIX.COM,649.0,Dr
2024-02-08,BOOKMYSHOW,1201.0,Dr
2024-02-11,SPOTIFY INDIA,119.0,Dr
2024-02-12,POS PARADISE BIRYANI HYDERABAD,1161.0,Dr
2024-02-13,HPCL FUEL,1999.0,Dr
2024-02-13,DECATHLON,951.0,Dr
2024-02-14,COURSERA,7800.0,Dr
2024-02-15,GOOGLE YOUTUBE PREMIUM,129.0,Dr
2024-02-17,IKEA HYDERABAD,3431.0,Dr
2024-02-17,PRACTO CONSULTATION,913.0,Dr
2024-02-23,POS DMART AVENUE SUPERMARTS,744.0,Dr
2024-02-26,AMAZON PAY INDIA,2581.0,Dr
2024-03-01,CULTFIT MEMBERSHIP,2530.0,Dr
2024-03-02,HPCL FUEL,1744.0,Dr
2024-03-03,PAYMENT RECEIVED - THANK YOU,29211.0,Cr
2024-03-07,BOOKMYSHOW,1475.0,Dr
2024-03-08,NETFLIX.COM,649.0,Dr
2024-03-08,POS DMART AVENUE SUPERMARTS,139.0,Dr
2024-03-08,POS CAFE NILOUFER HYDERABAD,430.0,Dr
2024-03-11,SPOTIFY INDIA,119.0,Dr
2024-03-14,CASHBACK CREDIT,371.0,Cr
2024-03-15,GOOGLE YOUTUBE PREMIUM,129.0,Dr
2024-03-15,FLIPKART,1736.0,Dr
2024-03-17,IOCL FUEL,1765.0,Dr
2024-03-20,DECATHLON,1048.0,Dr
2024-03-22,POS DMART AVENUE SUPERMARTS,1216.0,Dr
2024-03-27,DECATHLON,511.0,Dr
2024-04-01,CULTFIT MEMBERSHIP,2540.0,Dr
2024-04-02,POS TRUFFLES HYDERABAD,186.0,Dr
2024-04-03,BOOKMYSHOW,1448.0,Dr
2024-04-03,PAYMENT RECEIVED - THANK YOU,13120.0,Cr
2024-04-05,POS PARADISE BIRYANI HYDERABAD,242.0,Dr
2024-04-07,MAKEMYTRIP FLIGHTS,21600.0,Dr
2024-04-08,NETFLIX.COM,649.0,Dr
2024-04-10,CASHBACK CREDIT,232.0,Cr
2024-04-11,SPOTIFY INDIA,119.0,Dr
2024-04-11,POS CAFE NILOUFER HYDERABAD,499.0,Dr
2024-04-13,POS PARADISE BIRYANI HYDERABAD,413.0,Dr
2024-04-13,AMAZON PAY INDIA,2064.0,Dr
2024-04-14,PRACTO CONSULTATION,1816.0,Dr
2024-04-14,MAKEMYTRIP HOTELS,16800.0,Dr
2024-04-15,GOOGLE YOUTUBE PREMIUM,129.0,Dr
2024-04-15,MYNTRA DESIGNS,1467.0,Dr
2024-04-16,POS CAFE NILOUFER HYDERABAD,1201.0,Dr
2024-04-16,HPCL FUEL,2439.0,Dr
2024-04-17,DECATHLON,2372.0,Dr
2024-04-19,POS CAFE NILOUFER HYDERABAD,659.0,Dr
2024-04-22,POS DMART AVENUE SUPERMARTS,2058.0,Dr
2024-04-22,DECATHLON,3327.0,Dr
2024-04-24,POS DMART AVENUE SUPERMARTS,3309.0,Dr
2024-04-24,POS CAFE NILOUFER HYDERABAD,270.0,Dr
2024-04-24,HPCL FUEL,1921.0,Dr
2024-04-25,POS LOCAL EXPENSES TRAVEL,9600.0,Dr
2024-04-26,POS CAFE NILOUFER HYDERABAD,324.0,Dr
2024-05-01,CULTFIT MEMBERSHIP,2560.0,Dr
2024-05-01,IOCL FUEL,2576.0,Dr
2024-05-03,POS PARADISE BIRYANI HYDERABAD,274.0,Dr
2024-05-03,PAYMENT RECEIVED - THANK YOU,77220.0,Cr
2024-05-06,IKEA HYDERABAD,1230.0,Dr
2024-05-08,NETFLIX.COM,649.0,Dr
2024-05-10,POS DMART AVENUE SUPERMARTS,1424.0,Dr
2024-05-11,SPOTIFY INDIA,119.0,Dr
2024-05-12,POS CAFE NILOUFER HYDERABAD,244.0,Dr
2024-05-15,GOOGLE YOUTUBE PREMIUM,129.0,Dr
2024-05-16,POS CAFE NILOUFER HYDERABAD,218.0,Dr
2024-05-18,IKEA HYDERABAD,2018.0,Dr
2024-05-20,POS DMART AVENUE SUPERMARTS,732.0,Dr
2024-05-20,BOOKMYSHOW,631.0,Dr
2024-05-27,HPCL FUEL,2345.0,Dr
2024-06-01,CULTFIT MEMBERSHIP,2570.0,Dr
2024-06-02,POS PARADISE BIRYANI HYDERABAD,689.0,Dr
2024-06-02,IKEA HYDERABAD,810.0,Dr
2024-06-03,PAYMENT RECEIVED - THANK YOU,15149.0,Cr
2024-06-04,AMAZON PAY INDIA,1044.0,Dr
2024-06-05,POS PARADISE BIRYANI HYDERABAD,317.0,Dr
2024-06-08,NETFLIX.COM,649.0,Dr
2024-06-09,POS VARUN MOTORS SERVICE,5805.0,Dr
2024-06-10,POS TRUFFLES HYDERABAD,621.0,Dr
2024-06-11,SPOTIFY INDIA,119.0,Dr
2024-06-14,POS TRUFFLES HYDERABAD,1606.0,Dr
2024-06-15,GOOGLE YOUTUBE PREMIUM,129.0,Dr
2024-06-18,HPCL FUEL,2166.0,Dr
2024-06-18,PVR INOX,1448.0,Dr
2024-06-20,HPCL FUEL,2414.0,Dr
2024-06-21,DECATHLON,778.0,Dr
2024-06-25,POS TRUFFLES HYDERABAD,618.0,Dr
2024-06-25,AMAZON PAY INDIA,1007.0,Dr
2024-07-01,CULTFIT MEMBERSHIP,2580.0,Dr
2024-07-03,PAYMENT RECEIVED - THANK YOU,22790.0,Cr
2024-07-06,POS PARADISE BIRYANI HYDERABAD,779.0,Dr
2024-07-08,NETFLIX.COM,649.0,Dr
2024-07-08,AMAZON PAY INDIA,534.0,Dr
2024-07-08,FLIPKART,1065.0,Dr
2024-07-10,DECATHLON,728.0,Dr
2024-07-11,SPOTIFY INDIA,119.0,Dr
2024-07-14,AMAZON PAY INDIA,797.0,Dr
2024-07-15,GOOGLE YOUTUBE PREMIUM,129.0,Dr
2024-07-15,HPCL FUEL,2191.0,Dr
2024-07-15,HPCL FUEL,2481.0,Dr
2024-07-20,PVR INOX,816.0,Dr
2024-07-21,FLIPKART,409.0,Dr
2024-07-26,POS DMART AVENUE SUPERMARTS,2233.0,Dr
2024-07-28,POS TRUFFLES HYDERABAD,2421.0,Dr
2024-08-01,CULTFIT MEMBERSHIP,2590.0,Dr
2024-08-02,POS CAFE NILOUFER HYDERABAD,985.0,Dr
2024-08-03,PAYMENT RECEIVED - THANK YOU,17931.0,Cr
2024-08-04,POS DMART AVENUE SUPERMARTS,438.0,Dr
2024-08-08,NETFLIX.COM,649.0,Dr
2024-08-08,POS DMART AVENUE SUPERMARTS,1801.0,Dr
2024-08-11,SPOTIFY INDIA,119.0,Dr
2024-08-14,IOCL FUEL,2633.0,Dr
2024-08-14,CASHBACK CREDIT,303.0,Cr
2024-08-15,GOOGLE YOUTUBE PREMIUM,129.0,Dr
2024-08-16,FLIPKART,2616.0,Dr
2024-08-16,IKEA HYDERABAD,883.0,Dr
2024-08-18,BOOKMYSHOW,1179.0,Dr
2024-08-22,POS CAFE NILOUFER HYDERABAD,1170.0,Dr
2024-08-24,HPCL FUEL,2057.0,Dr
2024-09-01,CULTFIT MEMBERSHIP,2610.0,Dr
2024-09-02,FLIPKART,1386.0,Dr
2024-09-03,POS CAFE NILOUFER HYDERABAD,567.0,Dr
2024-09-03,PVR INOX,997.0,Dr
2024-09-03,PAYMENT RECEIVED - THANK YOU,16946.0,Cr
2024-09-04,MYNTRA DESIGNS,1360.0,Dr
2024-09-05,IOCL FUEL,2484.0,Dr
2024-09-06,POS DMART AVENUE SUPERMARTS,2109.0,Dr
2024-09-08,NETFLIX.COM,649.0,Dr
2024-09-11,SPOTIFY INDIA,119.0,Dr
2024-09-11,POS PARADISE BIRYANI HYDERABAD,443.0,Dr
2024-09-12,POS CAFE NILOUFER HYDERABAD,2782.0,Dr
2024-09-13,IKEA HYDERABAD,1715.0,Dr
2024-09-15,GOOGLE YOUTUBE PREMIUM,129.0,Dr
2024-09-19,POS DMART AVENUE SUPERMARTS,1049.0,Dr
2024-09-22,POS CAFE NILOUFER HYDERABAD,547.0,Dr
2024-09-26,HPCL FUEL,1854.0,Dr
2024-09-26,AMAZON PAY INDIA REFUND,521.0,Cr
2024-09-26,PVR INOX,1316.0,Dr
2024-09-28,POS TRUFFLES HYDERABAD,620.0,Dr
2024-09-28,IKEA HYDERABAD,1753.0,Dr
2024-10-01,CULTFIT MEMBERSHIP,2620.0,Dr
2024-10-02,POS DMART AVENUE SUPERMARTS,1093.0,Dr
2024-10-03,POS CAFE NILOUFER HYDERABAD,2384.0,Dr
2024-10-03,AMAZON PAY INDIA,2078.0,Dr
2024-10-03,PAYMENT RECEIVED - THANK YOU,23968.0,Cr
2024-10-05,POS TRUFFLES HYDERABAD,160.0,Dr
2024-10-06,PVR INOX,923.0,Dr
2024-10-08,NETFLIX.COM,649.0,Dr
2024-10-08,POS TRUFFLES HYDERABAD,900.0,Dr
2024-10-10,POS CAFE NILOUFER HYDERABAD,495.0,Dr
2024-10-11,SPOTIFY INDIA,119.0,Dr
2024-10-12,POS PARADISE BIRYANI HYDERABAD,284.0,Dr
2024-10-13,HPCL FUEL,1906.0,Dr
2024-10-14,DECATHLON,4276.0,Dr
2024-10-15,GOOGLE YOUTUBE PREMIUM,129.0,Dr
2024-10-15,AMAZON PAY INDIA,1650.0,Dr
2024-10-19,POS DMART AVENUE SUPERMARTS,1750.0,Dr
2024-10-19,FLIPKART,2616.0,Dr
2024-10-20,POS PARADISE BIRYANI HYDERABAD,649.0,Dr
2024-10-20,HPCL FUEL,1978.0,Dr
2024-11-01,CULTFIT MEMBERSHIP,2630.0,Dr
2024-11-02,AMAZON PAY INDIA,1655.0,Dr
2024-11-03,PAYMENT RECEIVED - THANK YOU,26659.0,Cr
2024-11-05,POS CAFE NILOUFER HYDERABAD,1038.0,Dr
2024-11-07,PVR INOX,1168.0,Dr
2024-11-08,NETFLIX.COM,649.0,Dr
2024-11-11,SPOTIFY INDIA,119.0,Dr
2024-11-15,GOOGLE YOUTUBE PREMIUM,129.0,Dr
2024-11-15,FLIPKART,2456.0,Dr
2024-11-15,PVR INOX,1528.0,Dr
2024-11-16,AMAZON PAY INDIA,1642.0,Dr
2024-11-17,HPCL FUEL,2467.0,Dr
2024-11-18,CASHBACK CREDIT,132.0,Cr
2024-11-19,POS PARADISE BIRYANI HYDERABAD,783.0,Dr
2024-11-23,IOCL FUEL,2133.0,Dr
2024-11-23,AMAZON PAY INDIA,6348.0,Dr
2024-11-23,AMAZON PAY INDIA REFUND,1794.0,Cr
2024-11-27,POS DMART AVENUE SUPERMARTS,110.0,Dr
2024-12-01,CULTFIT MEMBERSHIP,2650.0,Dr
2024-12-02,MYNTRA DESIGNS,3277.0,Dr
2024-12-03,MAKEMYTRIP FLIGHTS,31500.0,Dr
2024-12-03,PAYMENT RECEIVED - THANK YOU,22929.0,Cr
2024-12-04,BOOKMYSHOW,844.0,Dr
2024-12-06,POS PARADISE BIRYANI HYDERABAD,1752.0,Dr
2024-12-06,POS VARUN MOTORS SERVICE,5649.0,Dr
2024-12-08,NETFLIX.COM,649.0,Dr
2024-12-11,SPOTIFY INDIA,119.0,Dr
2024-12-11,PVR INOX,793.0,Dr
2024-12-13,HPCL FUEL,2686.0,Dr
2024-12-13,HPCL FUEL,2389.0,Dr
2024-12-14,MYNTRA DESIGNS,923.0,Dr
2024-12-15,GOOGLE YOUTUBE PREMIUM,129.0,Dr
2024-12-17,IKEA HYDERABAD,1020.0,Dr
2024-12-18,POS DMART AVENUE SUPERMARTS,3473.0,Dr
2024-12-18,POS CAFE NILOUFER HYDERABAD,1462.0,Dr
2024-12-18,MAKEMYTRIP HOTELS,24500.0,Dr
2024-12-19,MYNTRA DESIGNS,1398.0,Dr
2024-12-19,POS LOCAL EXPENSES TRAVEL,14000.0,Dr
2024-12-28,CASHBACK CREDIT,360.0,Cr
2025-01-01,CULTFIT MEMBERSHIP,2660.0,Dr
2025-01-01,POS TRUFFLES HYDERABAD,1493.0,Dr
2025-01-01,PVR INOX,1386.0,Dr
2025-01-03,PAYMENT RECEIVED - THANK YOU,98853.0,Cr
2025-01-08,NETFLIX.COM,649.0,Dr
2025-01-09,IOCL FUEL,2103.0,Dr
2025-01-11,SPOTIFY INDIA,119.0,Dr
2025-01-11,POS DMART AVENUE SUPERMARTS,269.0,Dr
2025-01-12,MYNTRA DESIGNS,2740.0,Dr
2025-01-14,MYNTRA DESIGNS,679.0,Dr
2025-01-15,GOOGLE YOUTUBE PREMIUM,149.0,Dr
2025-01-16,POS TRUFFLES HYDERABAD,1025.0,Dr
2025-01-17,POS TRUFFLES HYDERABAD,302.0,Dr
2025-01-17,HPCL FUEL,2450.0,Dr
2025-01-18,STAR HEALTH INSURANCE PREMIUM,18266.0,Dr
2025-01-19,PVR INOX,1119.0,Dr
2025-02-01,CULTFIT MEMBERSHIP,2670.0,Dr
2025-02-03,PAYMENT RECEIVED - THANK YOU,35409.0,Cr
2025-02-03,CASHBACK CREDIT,350.0,Cr
2025-02-05,PVR INOX,1547.0,Dr
2025-02-06,IOCL FUEL,1943.0,Dr
2025-02-06,IOCL FUEL,2067.0,Dr
2025-02-08,NETFLIX.COM,649.0,Dr
2025-02-11,SPOTIFY INDIA,119.0,Dr
2025-02-11,MYNTRA DESIGNS,3405.0,Dr
2025-02-15,GOOGLE YOUTUBE PREMIUM,149.0,Dr
2025-02-16,DECATHLON,2475.0,Dr
2025-02-19,POS DMART AVENUE SUPERMARTS,1234.0,Dr
2025-03-01,CULTFIT MEMBERSHIP,2680.0,Dr
2025-03-03,PAYMENT RECEIVED - THANK YOU,15908.0,Cr
2025-03-06,PVR INOX,1160.0,Dr
2025-03-06,CASHBACK CREDIT,237.0,Cr
2025-03-07,IKEA HYDERABAD,789.0,Dr
2025-03-08,NETFLIX.COM,649.0,Dr
2025-03-09,DECATHLON,1028.0,Dr
2025-03-11,SPOTIFY INDIA,119.0,Dr
2025-03-11,POS TRUFFLES HYDERABAD,629.0,Dr
2025-03-15,GOOGLE YOUTUBE PREMIUM,149.0,Dr
2025-03-17,IOCL FUEL,2103.0,Dr
2025-03-20,FLIPKART,1574.0,Dr
2025-03-21,POS TRUFFLES HYDERABAD,642.0,Dr
2025-03-26,HPCL FUEL,2579.0,Dr
2025-04-01,CULTFIT MEMBERSHIP,2700.0,Dr
2025-04-02,POS DMART AVENUE SUPERMARTS,2119.0,Dr
2025-04-03,PAYMENT RECEIVED - THANK YOU,13864.0,Cr
2025-04-04,BOOKMYSHOW,1465.0,Dr
2025-04-06,IKEA HYDERABAD,187.0,Dr
2025-04-08,NETFLIX.COM,649.0,Dr
2025-04-08,PVR INOX,849.0,Dr
2025-04-11,SPOTIFY INDIA,119.0,Dr
2025-04-12,DECATHLON,1103.0,Dr
2025-04-14,IKEA HYDERABAD,476.0,Dr
2025-04-15,GOOGLE YOUTUBE PREMIUM,149.0,Dr
2025-04-16,MYNTRA DESIGNS,726.0,Dr
2025-04-18,IKEA HYDERABAD,492.0,Dr
2025-04-22,HPCL FUEL,2743.0,Dr
2025-04-25,POS DMART AVENUE SUPERMARTS,1078.0,Dr
2025-04-26,HPCL FUEL,2119.0,Dr
2025-05-01,CULTFIT MEMBERSHIP,2710.0,Dr
2025-05-03,PAYMENT RECEIVED - THANK YOU,16974.0,Cr
2025-05-05,PVR INOX,775.0,Dr
2025-05-08,NETFLIX.COM,649.0,Dr
2025-05-08,MYNTRA DESIGNS,1701.0,Dr
2025-05-09,MYNTRA DESIGNS,1334.0,Dr
2025-05-11,SPOTIFY INDIA,119.0,Dr
2025-05-12,POS PARADISE BIRYANI HYDERABAD,668.0,Dr
2025-05-15,GOOGLE YOUTUBE PREMIUM,149.0,Dr
2025-05-16,IOCL FUEL,2289.0,Dr
2025-05-19,POS DMART AVENUE SUPERMARTS,1404.0,Dr
2025-05-21,IOCL FUEL,2269.0,Dr
2025-05-23,CASHBACK CREDIT,275.0,Cr
2025-05-25,FLIPKART,2427.0,Dr
2025-05-25,DECATHLON,634.0,Dr
2025-05-26,POS CAFE NILOUFER HYDERABAD,577.0,Dr
2025-05-27,PRACTO CONSULTATION,1584.0,Dr
2025-06-01,CULTFIT MEMBERSHIP,2720.0,Dr
2025-06-01,MAKEMYTRIP FLIGHTS,24750.0,Dr
2025-06-02,POS DMART AVENUE SUPERMARTS,2516.0,Dr
2025-06-03,IOCL FUEL,2248.0,Dr
2025-06-03,PAYMENT RECEIVED - THANK YOU,19014.0,Cr
2025-06-04,POS CAFE NILOUFER HYDERABAD,112.0,Dr
2025-06-07,FLIPKART,425.0,Dr
2025-06-08,NETFLIX.COM,649.0,Dr
2025-06-11,SPOTIFY INDIA,119.0,Dr
2025-06-12,POS PARADISE BIRYANI HYDERABAD,697.0,Dr
2025-06-14,HPCL FUEL,2797.0,Dr
2025-06-15,GOOGLE YOUTUBE PREMIUM,149.0,Dr
2025-06-17,BOOKMYSHOW,1026.0,Dr
2025-06-17,MAKEMYTRIP HOTELS,19250.0,Dr
2025-06-18,POS PARADISE BIRYANI HYDERABAD,706.0,Dr
2025-06-19,POS VARUN MOTORS SERVICE,8211.0,Dr
2025-06-20,POS LOCAL EXPENSES TRAVEL,11000.0,Dr
2025-06-24,POS PARADISE BIRYANI HYDERABAD,762.0,Dr
2025-06-24,DECATHLON,3016.0,Dr
2025-06-25,POS TRUFFLES HYDERABAD,1180.0,Dr
2025-06-27,POS TRUFFLES HYDERABAD,495.0,Dr
2025-07-01,CULTFIT MEMBERSHIP,2740.0,Dr
2025-07-02,POS PARADISE BIRYANI HYDERABAD,1307.0,Dr
2025-07-02,PVR INOX,804.0,Dr
2025-07-03,PAYMENT RECEIVED - THANK YOU,82828.0,Cr
2025-07-07,POS PARADISE BIRYANI HYDERABAD,2269.0,Dr
2025-07-08,NETFLIX.COM,649.0,Dr
2025-07-11,SPOTIFY INDIA,119.0,Dr
2025-07-12,CASHBACK CREDIT,166.0,Cr
2025-07-15,GOOGLE YOUTUBE PREMIUM,149.0,Dr
2025-07-20,AMAZON PAY INDIA REFUND,1135.0,Cr
2025-07-22,IOCL FUEL,2208.0,Dr
2025-07-23,IOCL FUEL,2696.0,Dr
2025-07-24,MYNTRA DESIGNS,3557.0,Dr
2025-07-25,POS PARADISE BIRYANI HYDERABAD,302.0,Dr
2025-07-28,MYNTRA DESIGNS,3385.0,Dr
2025-08-01,CULTFIT MEMBERSHIP,2750.0,Dr
2025-08-02,FLIPKART,1055.0,Dr
2025-08-03,PAYMENT RECEIVED - THANK YOU,18884.0,Cr
2025-08-04,MYNTRA DESIGNS,1156.0,Dr
2025-08-05,IOCL FUEL,2150.0,Dr
2025-08-08,NETFLIX.COM,649.0,Dr
2025-08-09,FLIPKART,1200.0,Dr
2025-08-11,SPOTIFY INDIA,119.0,Dr
2025-08-15,GOOGLE YOUTUBE PREMIUM,149.0,Dr
2025-08-18,POS CAFE NILOUFER HYDERABAD,758.0,Dr
2025-08-19,POS TRUFFLES HYDERABAD,178.0,Dr
2025-08-21,POS TRUFFLES HYDERABAD,630.0,Dr
2025-08-21,PVR INOX,773.0,Dr
2025-08-24,MYNTRA DESIGNS,1101.0,Dr
2025-08-26,BOOKMYSHOW,1482.0,Dr
2025-08-28,HPCL FUEL,2937.0,Dr
2025-09-01,CULTFIT MEMBERSHIP,2760.0,Dr
2025-09-03,PAYMENT RECEIVED - THANK YOU,17087.0,Cr
2025-09-05,BOOKMYSHOW,845.0,Dr
2025-09-08,NETFLIX.COM,649.0,Dr
2025-09-08,HPCL FUEL,1966.0,Dr
2025-09-11,SPOTIFY INDIA,119.0,Dr
2025-09-14,COURSERA,14200.0,Dr
2025-09-15,GOOGLE YOUTUBE PREMIUM,149.0,Dr
2025-09-16,HPCL FUEL,2622.0,Dr
2025-09-19,POS CAFE NILOUFER HYDERABAD,1371.0,Dr
2025-09-19,POS TRUFFLES HYDERABAD,1575.0,Dr
2025-09-21,IKEA HYDERABAD,2385.0,Dr
2025-09-24,FLIPKART,646.0,Dr
2025-10-01,CULTFIT MEMBERSHIP,2780.0,Dr
2025-10-01,IOCL FUEL,2773.0,Dr
2025-10-03,POS CAFE NILOUFER HYDERABAD,1773.0,Dr
2025-10-03,PAYMENT RECEIVED - THANK YOU,29287.0,Cr
2025-10-05,AMAZON PAY INDIA REFUND,1745.0,Cr
2025-10-07,POS DMART AVENUE SUPERMARTS,1836.0,Dr
2025-10-07,POS PARADISE BIRYANI HYDERABAD,401.0,Dr
2025-10-08,NETFLIX.COM,649.0,Dr
2025-10-09,IKEA HYDERABAD,1178.0,Dr
2025-10-11,SPOTIFY INDIA,119.0,Dr
2025-10-15,GOOGLE YOUTUBE PREMIUM,149.0,Dr
2025-10-17,HPCL FUEL,2357.0,Dr
2025-10-17,AMAZON PAY INDIA,4139.0,Dr
2025-10-18,POS CAFE NILOUFER HYDERABAD,346.0,Dr
2025-10-20,POS PARADISE BIRYANI HYDERABAD,987.0,Dr
2025-10-22,POS PARADISE BIRYANI HYDERABAD,1248.0,Dr
2025-10-22,PVR INOX,1664.0,Dr
2025-10-24,IKEA HYDERABAD,6141.0,Dr
2025-10-25,POS DMART AVENUE SUPERMARTS,983.0,Dr
2025-10-26,AMAZON PAY INDIA,2863.0,Dr
2025-11-01,CULTFIT MEMBERSHIP,2790.0,Dr
2025-11-02,POS DMART AVENUE SUPERMARTS,1840.0,Dr
2025-11-02,IKEA HYDERABAD,3105.0,Dr
2025-11-03,HPCL FUEL,3017.0,Dr
2025-11-03,PAYMENT RECEIVED - THANK YOU,30641.0,Cr
2025-11-07,POS DMART AVENUE SUPERMARTS,1473.0,Dr
2025-11-08,NETFLIX.COM,649.0,Dr
2025-11-10,IKEA HYDERABAD,2474.0,Dr
2025-11-11,SPOTIFY INDIA,119.0,Dr
2025-11-12,IOCL FUEL,2956.0,Dr
2025-11-13,POS CAFE NILOUFER HYDERABAD,694.0,Dr
2025-11-14,POS PARADISE BIRYANI HYDERABAD,279.0,Dr
2025-11-15,GOOGLE YOUTUBE PREMIUM,149.0,Dr
2025-11-16,POS PARADISE BIRYANI HYDERABAD,1435.0,Dr
2025-11-21,AMAZON PAY INDIA,2003.0,Dr
2025-11-22,BOOKMYSHOW,1326.0,Dr
2025-11-24,FLIPKART,1753.0,Dr
2025-11-28,MYNTRA DESIGNS,2186.0,Dr
2025-12-01,CULTFIT MEMBERSHIP,2800.0,Dr
2025-12-01,FLIPKART,498.0,Dr
2025-12-02,HPCL FUEL,2157.0,Dr
2025-12-03,PAYMENT RECEIVED - THANK YOU,28248.0,Cr
2025-12-04,POS DMART AVENUE SUPERMARTS,1327.0,Dr
2025-12-05,POS DMART AVENUE SUPERMARTS,1732.0,Dr
2025-12-05,POS VARUN MOTORS SERVICE,7371.0,Dr
2025-12-08,NETFLIX.COM,649.0,Dr
2025-12-08,POS PARADISE BIRYANI HYDERABAD,586.0,Dr
2025-12-08,HPCL FUEL,2292.0,Dr
2025-12-11,SPOTIFY INDIA,119.0,Dr
2025-12-11,POS PARADISE BIRYANI HYDERABAD,678.0,Dr
2025-12-15,GOOGLE YOUTUBE PREMIUM,149.0,Dr
2025-12-18,POS DMART AVENUE SUPERMARTS,1155.0,Dr
2025-12-18,POS PARADISE BIRYANI HYDERABAD,1331.0,Dr
2025-12-18,AMAZON PAY INDIA,904.0,Dr
2025-12-18,BOOKMYSHOW,1468.0,Dr
2025-12-21,POS TRUFFLES HYDERABAD,914.0,Dr
2025-12-23,DECATHLON,1058.0,Dr
2025-12-23,AMAZON PAY INDIA,2190.0,Dr
2025-12-25,POS DMART AVENUE SUPERMARTS,712.0,Dr
2026-01-01,CULTFIT MEMBERSHIP,2820.0,Dr
2026-01-02,POS PARADISE BIRYANI HYDERABAD,991.0,Dr
2026-01-03,PAYMENT RECEIVED - THANK YOU,30090.0,Cr
2026-01-06,FLIPKART,440.0,Dr
2026-01-08,NETFLIX.COM,649.0,Dr
2026-01-08,AMAZON PAY INDIA,1602.0,Dr
2026-01-09,POS DMART AVENUE SUPERMARTS,1945.0,Dr
2026-01-09,POS TRUFFLES HYDERABAD,771.0,Dr
2026-01-10,POS PARADISE BIRYANI HYDERABAD,603.0,Dr
2026-01-11,SPOTIFY INDIA,119.0,Dr
2026-01-15,GOOGLE YOUTUBE PREMIUM,149.0,Dr
2026-01-17,PVR INOX,965.0,Dr
2026-01-18,STAR HEALTH INSURANCE PREMIUM,19727.0,Dr
2026-01-18,HPCL FUEL,1964.0,Dr
2026-01-20,POS DMART AVENUE SUPERMARTS,2031.0,Dr
2026-01-21,AMAZON PAY INDIA,808.0,Dr
2026-01-22,DECATHLON,919.0,Dr
2026-01-23,POS PARADISE BIRYANI HYDERABAD,1661.0,Dr
2026-01-24,CASHBACK CREDIT,387.0,Cr
2026-01-25,BOOKMYSHOW,1011.0,Dr
2026-01-26,IOCL FUEL,2263.0,Dr
2026-01-28,POS CAFE NILOUFER HYDERABAD,585.0,Dr
2026-02-01,CULTFIT MEMBERSHIP,2830.0,Dr
2026-02-02,AMAZON PAY INDIA,3000.0,Dr
2026-02-03,PAYMENT RECEIVED - THANK YOU,41636.0,Cr
2026-02-07,AMAZON PAY INDIA,3594.0,Dr
2026-02-07,MAKEMYTRIP FLIGHTS,38250.0,Dr
2026-02-08,NETFLIX.COM,649.0,Dr
2026-02-08,POS TRUFFLES HYDERABAD,409.0,Dr
2026-02-08,POS CAFE NILOUFER HYDERABAD,834.0,Dr
2026-02-11,SPOTIFY INDIA,119.0,Dr
2026-02-11,POS DMART AVENUE SUPERMARTS,1436.0,Dr
2026-02-11,BOOKMYSHOW,1798.0,Dr
2026-02-12,IKEA HYDERABAD,1651.0,Dr
2026-02-15,GOOGLE YOUTUBE PREMIUM,149.0,Dr
2026-02-16,AMAZON PAY INDIA,1046.0,Dr
2026-02-19,HPCL FUEL,2526.0,Dr
2026-02-19,MAKEMYTRIP HOTELS,29750.0,Dr
2026-02-20,POS DMART AVENUE SUPERMARTS,2278.0,Dr
2026-02-21,POS LOCAL EXPENSES TRAVEL,17000.0,Dr
2026-02-22,POS CAFE NILOUFER HYDERABAD,136.0,Dr
2026-02-28,IOCL FUEL,3047.0,Dr
2026-03-01,CULTFIT MEMBERSHIP,2850.0,Dr
2026-03-02,POS PARADISE BIRYANI HYDERABAD,676.0,Dr
2026-03-03,PAYMENT RECEIVED - THANK YOU,110502.0,Cr
2026-03-04,IOCL FUEL,2043.0,Dr
2026-03-05,IOCL FUEL,2824.0,Dr
2026-03-06,DECATHLON,2987.0,Dr
2026-03-07,POS DMART AVENUE SUPERMARTS,1932.0,Dr
2026-03-08,NETFLIX.COM,649.0,Dr
2026-03-10,AMAZON PAY INDIA,643.0,Dr
2026-03-11,SPOTIFY INDIA,119.0,Dr
2026-03-12,POS CAFE NILOUFER HYDERABAD,950.0,Dr
2026-03-15,GOOGLE YOUTUBE PREMIUM,149.0,Dr
2026-03-16,BOOKMYSHOW,1095.0,Dr
2026-03-24,POS TRUFFLES HYDERABAD,562.0,Dr
2026-03-27,POS TRUFFLES HYDERABAD,237.0,Dr
2026-03-27,MYNTRA DESIGNS,1180.0,Dr
2026-04-01,CULTFIT MEMBERSHIP,2860.0,Dr
2026-04-02,AMAZON PAY INDIA,880.0,Dr
2026-04-03,POS DMART AVENUE SUPERMARTS,1158.0,Dr
2026-04-03,PAYMENT RECEIVED - THANK YOU,18896.0,Cr
2026-04-05,IOCL FUEL,2723.0,Dr
2026-04-08,NETFLIX.COM,649.0,Dr
2026-04-08,FLIPKART,886.0,Dr
2026-04-09,AMAZON PAY INDIA REFUND,1549.0,Cr
2026-04-11,SPOTIFY INDIA,119.0,Dr
2026-04-11,POS PARADISE BIRYANI HYDERABAD,2248.0,Dr
2026-04-14,POS PARADISE BIRYANI HYDERABAD,1168.0,Dr
2026-04-15,GOOGLE YOUTUBE PREMIUM,149.0,Dr
2026-04-19,FLIPKART,1385.0,Dr
2026-04-20,POS DMART AVENUE SUPERMARTS,2862.0,Dr
2026-04-23,DECATHLON,328.0,Dr
2026-04-26,IOCL FUEL,2497.0,Dr
2026-04-26,CASHBACK CREDIT,181.0,Cr
2026-04-27,POS CAFE NILOUFER HYDERABAD,1166.0,Dr
2026-04-28,BOOKMYSHOW,790.0,Dr
2026-05-01,CULTFIT MEMBERSHIP,2870.0,Dr
2026-05-01,AMAZON PAY INDIA,811.0,Dr
2026-05-01,MYNTRA DESIGNS,3550.0,Dr
2026-05-03,POS PARADISE BIRYANI HYDERABAD,960.0,Dr
2026-05-03,PAYMENT RECEIVED - THANK YOU,20138.0,Cr
2026-05-04,POS DMART AVENUE SUPERMARTS,2300.0,Dr
2026-05-04,POS TRUFFLES HYDERABAD,93.0,Dr
2026-05-06,PVR INOX,661.0,Dr
2026-05-08,NETFLIX.COM,649.0,Dr
2026-05-10,IKEA HYDERABAD,2489.0,Dr
2026-05-11,SPOTIFY INDIA,119.0,Dr
2026-05-12,POS DMART AVENUE SUPERMARTS,1341.0,Dr
2026-05-15,GOOGLE YOUTUBE PREMIUM,149.0,Dr
2026-05-17,IOCL FUEL,2259.0,Dr
2026-05-18,HPCL FUEL,3037.0,Dr
2026-05-28,POS PARADISE BIRYANI HYDERABAD,473.0,Dr
2026-06-01,CULTFIT MEMBERSHIP,2890.0,Dr
2026-06-03,PAYMENT RECEIVED - THANK YOU,21761.0,Cr
2026-06-04,IOCL FUEL,3071.0,Dr
2026-06-07,AMAZON PAY INDIA,825.0,Dr
2026-06-08,NETFLIX.COM,649.0,Dr
2026-06-11,SPOTIFY INDIA,119.0,Dr
2026-06-15,GOOGLE YOUTUBE PREMIUM,149.0,Dr
2026-06-15,POS CAFE NILOUFER HYDERABAD,2334.0,Dr
2026-06-17,CASHBACK CREDIT,252.0,Cr
2026-06-19,POS DMART AVENUE SUPERMARTS,890.0,Dr
2026-06-19,POS PARADISE BIRYANI HYDERABAD,377.0,Dr
2026-06-20,POS CAFE NILOUFER HYDERABAD,1223.0,Dr
2026-06-22,IOCL FUEL,2072.0,Dr
2026-06-23,POS PARADISE BIRYANI HYDERABAD,2156.0,Dr
2026-06-25,POS TRUFFLES HYDERABAD,566.0,Dr
2026-06-25,FLIPKART,1719.0,Dr
2026-06-26,POS VARUN MOTORS SERVICE,4013.0,Dr
2026-06-26,BOOKMYSHOW,620.0,Dr
2026-07-01,CULTFIT MEMBERSHIP,2900.0,Dr
2026-07-01,AMAZON PAY INDIA,2451.0,Dr
2026-07-02,IOCL FUEL,2883.0,Dr
2026-07-03,PAYMENT RECEIVED - THANK YOU,23421.0,Cr
2026-07-05,POS PARADISE BIRYANI HYDERABAD,406.0,Dr
2026-07-05,AMAZON PAY INDIA,3255.0,Dr
2026-07-07,POS DMART AVENUE SUPERMARTS,1719.0,Dr
2026-07-07,AMAZON PAY INDIA,835.0,Dr
2026-07-08,NETFLIX.COM,649.0,Dr
2026-07-08,POS DMART AVENUE SUPERMARTS,2808.0,Dr
2026-07-11,SPOTIFY INDIA,119.0,Dr
2026-07-15,GOOGLE YOUTUBE PREMIUM,149.0,Dr
2026-07-16,IOCL FUEL,2520.0,Dr
2026-07-16,AMAZON PAY INDIA REFUND,716.0,Cr
2026-07-19,PVR INOX,1650.0,Dr
2026-07-22,BOOKMYSHOW,767.0,Dr
2026-07-25,POS PARADISE BIRYANI HYDERABAD,590.0,Dr
2026-08-01,CULTFIT MEMBERSHIP,2920.0,Dr
2026-08-01,POS DMART AVENUE SUPERMARTS,1426.0,Dr
2026-08-01,POS PARADISE BIRYANI HYDERABAD,110.0,Dr
2026-08-01,PVR INOX,919.0,Dr
2026-08-03,PAYMENT RECEIVED - THANK YOU,22985.0,Cr
2026-08-06,DECATHLON,4087.0,Dr
2026-08-08,NETFLIX.COM,649.0,Dr
2026-08-11,SPOTIFY INDIA,119.0,Dr
2026-08-11,POS PARADISE BIRYANI HYDERABAD,1028.0,Dr
2026-08-11,POS TRUFFLES HYDERABAD,209.0,Dr
2026-08-15,GOOGLE YOUTUBE PREMIUM,149.0,Dr
2026-08-15,IOCL FUEL,3051.0,Dr
2026-08-19,BOOKMYSHOW,871.0,Dr
2026-08-20,POS PARADISE BIRYANI HYDERABAD,742.0,Dr
2026-08-23,DECATHLON,3833.0,Dr
2026-08-28,HPCL FUEL,2413.0,Dr
2026-08-28,CASHBACK CREDIT,386.0,Cr
2026-09-01,CULTFIT MEMBERSHIP,2930.0,Dr
2026-09-02,POS DMART AVENUE SUPERMARTS,1792.0,Dr
2026-09-03,PAYMENT RECEIVED - THANK YOU,22140.0,Cr
2026-09-07,POS TRUFFLES HYDERABAD,204.0,Dr
2026-09-08,NETFLIX.COM,649.0,Dr
2026-09-08,BOOKMYSHOW,1371.0,Dr
2026-09-09,FLIPKART,1431.0,Dr
2026-09-11,SPOTIFY INDIA,119.0,Dr
2026-09-14,IOCL FUEL,2997.0,Dr
2026-09-14,FLIPKART,1105.0,Dr
2026-09-15,GOOGLE YOUTUBE PREMIUM,149.0,Dr
2026-09-18,IOCL FUEL,2909.0,Dr
2026-09-18,BOOKMYSHOW,1673.0,Dr
2026-09-21,POS TRUFFLES HYDERABAD,2076.0,Dr
2026-09-25,POS TRUFFLES HYDERABAD,477.0,Dr
2026-09-25,FLIPKART,1050.0,Dr
2026-09-26,AMAZON PAY INDIA,802.0,Dr
