month,contribution,interest,balance
2021-10,9819.0,0.0,149819.0
2021-11,9819.0,0.0,159637.0
2021-12,9819.0,0.0,169456.0
2022-01,9819.0,0.0,179275.0
2022-02,9819.0,0.0,189094.0
2022-03,9819.0,7062.0,205974.0
2022-04,10815.0,0.0,216789.0
2022-05,10815.0,0.0,227604.0
2022-06,10815.0,0.0,238419.0
2022-07,10815.0,0.0,249234.0
2022-08,10815.0,0.0,260048.0
2022-09,10815.0,0.0,270863.0
2022-10,10815.0,0.0,281678.0
2022-11,10815.0,0.0,292493.0
2022-12,10815.0,0.0,303308.0
2023-01,10815.0,0.0,314123.0
2023-02,10815.0,0.0,324938.0
2023-03,10815.0,22516.0,358269.0
2023-04,11780.0,0.0,370049.0
2023-05,11780.0,0.0,381829.0
2023-06,11780.0,0.0,393609.0
2023-07,16341.0,0.0,409950.0
2023-08,16341.0,0.0,426290.0
2023-09,16341.0,0.0,442631.0
2023-10,16341.0,0.0,458971.0
2023-11,16341.0,0.0,475312.0
2023-12,16341.0,0.0,491653.0
2024-01,16341.0,0.0,507993.0
2024-02,16341.0,0.0,524334.0
2024-03,16341.0,37285.0,577960.0
2024-04,17924.0,0.0,595883.0
2024-05,17924.0,0.0,613807.0
2024-06,17924.0,0.0,631731.0
2024-07,17924.0,0.0,649655.0
2024-08,17924.0,0.0,667578.0
2024-09,17924.0,0.0,685502.0
2024-10,17924.0,0.0,703426.0
2024-11,17924.0,0.0,721350.0
2024-12,17924.0,0.0,739273.0
2025-01,17924.0,0.0,757197.0
2025-02,17924.0,0.0,775121.0
2025-03,17924.0,57293.0,850338.0
2025-04,19649.0,0.0,869987.0
2025-05,19649.0,0.0,889637.0
2025-06,19649.0,0.0,909286.0
2025-07,19649.0,0.0,928935.0
2025-08,19649.0,0.0,948585.0
2025-09,19649.0,0.0,968234.0
2025-10,19649.0,0.0,987884.0
2025-11,19649.0,0.0,1007533.0
2025-12,19649.0,0.0,1027182.0
2026-01,19649.0,0.0,1046832.0
2026-02,19649.0,0.0,1066481.0
2026-03,19649.0,80690.0,1166820.0
2026-04,21530.0,0.0,1188351.0
2026-05,21530.0,0.0,1209881.0
2026-06,21530.0,0.0,1231412.0
2026-07,21530.0,0.0,1252942.0
2026-08,21530.0,0.0,1274472.0
2026-09,21530.0,0.0,1296003.0
