txn_date,scheme,txn_type,amount,nav,units
2021-09-30,NIFTY 50 INDEX FUND,OPENING,60000.0,100.0,600.0
2021-10-07,NIFTY 50 INDEX FUND,SIP,6000.0,100.0,60.0
2021-11-07,NIFTY 50 INDEX FUND,SIP,6000.0,101.1055,59.3439
2021-12-07,NIFTY 50 INDEX FUND,SIP,6000.0,98.1657,61.1211
2022-01-07,NIFTY 50 INDEX FUND,SIP,6000.0,99.5112,60.2947
2022-02-07,NIFTY 50 INDEX FUND,SIP,6000.0,97.8274,61.3325
2022-03-07,NIFTY 50 INDEX FUND,SIP,6000.0,99.3675,60.3819
2022-04-07,NIFTY 50 INDEX FUND,SIP,6600.0,103.5696,63.7252
2022-04-07,SHORT TERM DEBT FUND,SIP,3000.0,31.0219,96.7059
2022-05-07,NIFTY 50 INDEX FUND,SIP,6600.0,95.848,68.859
2022-05-07,SHORT TERM DEBT FUND,SIP,3000.0,31.1218,96.3955
2022-05-10,NIFTY 50 INDEX FUND,LUMPSUM,70000.0,95.848,730.323
2022-06-07,NIFTY 50 INDEX FUND,SIP,6600.0,95.8883,68.8301
2022-06-07,SHORT TERM DEBT FUND,SIP,3000.0,31.2234,96.0817
2022-07-07,NIFTY 50 INDEX FUND,SIP,6600.0,97.6195,67.6094
2022-07-07,SHORT TERM DEBT FUND,SIP,3000.0,31.3928,95.5632
2022-08-07,NIFTY 50 INDEX FUND,SIP,6600.0,96.3269,68.5167
2022-08-07,SHORT TERM DEBT FUND,SIP,3000.0,31.5719,95.0213
2022-09-07,NIFTY 50 INDEX FUND,SIP,6600.0,90.7538,72.7242
2022-09-07,SHORT TERM DEBT FUND,SIP,3000.0,31.7248,94.5632
2022-10-07,NIFTY 50 INDEX FUND,SIP,6600.0,88.4489,74.6194
2022-10-07,SHORT TERM DEBT FUND,SIP,3000.0,31.9761,93.82
2022-11-07,NIFTY 50 INDEX FUND,SIP,6600.0,89.2924,73.9145
2022-11-07,SHORT TERM DEBT FUND,SIP,3000.0,32.2182,93.1152
2022-11-10,NIFTY 50 INDEX FUND,LUMPSUM,20000.0,89.2924,223.9833
2022-12-07,NIFTY 50 INDEX FUND,SIP,6600.0,89.8257,73.4756
2022-12-07,SHORT TERM DEBT FUND,SIP,3000.0,32.4121,92.5579
2023-01-07,NIFTY 50 INDEX FUND,SIP,6600.0,85.862,76.8676
2023-01-07,SHORT TERM DEBT FUND,SIP,3000.0,32.6051,92.0102
2023-02-07,NIFTY 50 INDEX FUND,SIP,6600.0,80.8286,81.6543
2023-02-07,SHORT TERM DEBT FUND,SIP,3000.0,32.8502,91.3236
2023-03-07,NIFTY 50 INDEX FUND,SIP,6600.0,79.3845,83.1397
2023-03-07,SHORT TERM DEBT FUND,SIP,3000.0,33.1722,90.4372
2023-04-07,NIFTY 50 INDEX FUND,SIP,7300.0,75.9735,96.0861
2023-04-07,SHORT TERM DEBT FUND,SIP,3000.0,33.3695,89.9024
2023-05-07,NIFTY 50 INDEX FUND,SIP,7300.0,76.1638,95.8461
2023-05-07,SHORT TERM DEBT FUND,SIP,3000.0,33.6086,89.2628
2023-05-10,NIFTY 50 INDEX FUND,LUMPSUM,20000.0,76.1638,262.5919
2023-06-07,NIFTY 50 INDEX FUND,SIP,7300.0,79.2885,92.0688
2023-06-07,SHORT TERM DEBT FUND,SIP,3000.0,33.9003,88.4949
2023-07-07,NIFTY 50 INDEX FUND,SIP,15000.0,80.8855,185.4474
2023-07-07,SHORT TERM DEBT FUND,SIP,3000.0,34.0655,88.0657
2023-08-07,NIFTY 50 INDEX FUND,SIP,15000.0,77.454,193.6633
2023-08-07,SHORT TERM DEBT FUND,SIP,3000.0,34.2236,87.6588
2023-09-07,NIFTY 50 INDEX FUND,SIP,15000.0,81.4386,184.1879
2023-09-07,SHORT TERM DEBT FUND,SIP,3000.0,34.5005,86.9553
2023-10-07,NIFTY 50 INDEX FUND,SIP,15000.0,79.4223,188.8639
2023-10-07,SHORT TERM DEBT FUND,SIP,3000.0,34.7452,86.3428
2023-11-07,NIFTY 50 INDEX FUND,SIP,15000.0,78.6405,190.7413
2023-11-07,SHORT TERM DEBT FUND,SIP,3000.0,34.94,85.8616
2023-12-07,NIFTY 50 INDEX FUND,SIP,15000.0,81.9453,183.049
2023-12-07,SHORT TERM DEBT FUND,SIP,3000.0,35.1198,85.422
2024-01-07,NIFTY 50 INDEX FUND,SIP,15000.0,81.924,183.0964
2024-01-07,SHORT TERM DEBT FUND,SIP,3000.0,35.4305,84.6729
2024-02-07,NIFTY 50 INDEX FUND,SIP,15000.0,81.7057,183.5858
2024-02-07,SHORT TERM DEBT FUND,SIP,3000.0,35.6609,84.1256
2024-03-07,NIFTY 50 INDEX FUND,SIP,15000.0,81.8791,183.197
2024-03-07,SHORT TERM DEBT FUND,SIP,3000.0,35.7883,83.8262
2024-04-07,NIFTY 50 INDEX FUND,SIP,16500.0,81.1453,203.3389
2024-04-07,SHORT TERM DEBT FUND,SIP,3000.0,36.0794,83.15
2024-05-07,NIFTY 50 INDEX FUND,SIP,16500.0,81.9498,201.3428
2024-05-07,SHORT TERM DEBT FUND,SIP,3000.0,36.3368,82.5608
2024-06-07,NIFTY 50 INDEX FUND,SIP,16500.0,86.7312,190.243
2024-06-07,SHORT TERM DEBT FUND,SIP,3000.0,36.5472,82.0856
2024-07-07,NIFTY 50 INDEX FUND,SIP,16500.0,82.647,199.6443
2024-07-07,SHORT TERM DEBT FUND,SIP,3000.0,36.7845,81.556
2024-08-07,NIFTY 50 INDEX FUND,SIP,16500.0,75.9865,217.1438
2024-08-07,SHORT TERM DEBT FUND,SIP,3000.0,36.9755,81.1349
2024-09-07,NIFTY 50 INDEX FUND,SIP,16500.0,77.3833,213.2243
2024-09-07,SHORT TERM DEBT FUND,SIP,3000.0,37.3559,80.3085
2024-10-07,NIFTY 50 INDEX FUND,SIP,16500.0,76.0618,216.9289
2024-10-07,SHORT TERM DEBT FUND,SIP,3000.0,37.5879,79.8128
2024-11-07,NIFTY 50 INDEX FUND,SIP,16500.0,76.2947,216.2667
2024-11-07,SHORT TERM DEBT FUND,SIP,3000.0,37.7905,79.3851
2024-11-10,NIFTY 50 INDEX FUND,LUMPSUM,240000.0,76.2947,3145.6978
2024-12-07,NIFTY 50 INDEX FUND,SIP,16500.0,78.9189,209.0754
2024-12-07,SHORT TERM DEBT FUND,SIP,3000.0,37.9315,79.0899
2025-01-07,NIFTY 50 INDEX FUND,SIP,16500.0,79.9123,206.4763
2025-01-07,SHORT TERM DEBT FUND,SIP,3000.0,38.0715,78.799
2025-02-07,NIFTY 50 INDEX FUND,SIP,16500.0,77.7061,212.3385
2025-02-07,SHORT TERM DEBT FUND,SIP,3000.0,38.3664,78.1935
2025-03-07,NIFTY 50 INDEX FUND,SIP,16500.0,78.8732,209.1967
2025-03-07,SHORT TERM DEBT FUND,SIP,3000.0,38.5435,77.834
2025-04-07,NIFTY 50 INDEX FUND,SIP,18200.0,72.6502,250.5156
2025-04-07,SHORT TERM DEBT FUND,SIP,3000.0,38.6799,77.5597
2025-05-07,NIFTY 50 INDEX FUND,SIP,18200.0,66.4905,273.7234
2025-05-07,SHORT TERM DEBT FUND,SIP,3000.0,38.9697,76.9829
2025-05-10,NIFTY 50 INDEX FUND,LUMPSUM,250000.0,66.4905,3759.9363
2025-06-07,NIFTY 50 INDEX FUND,SIP,18200.0,69.4861,261.9229
2025-06-07,SHORT TERM DEBT FUND,SIP,3000.0,39.1298,76.6678
2025-07-07,NIFTY 50 INDEX FUND,SIP,18200.0,70.6599,257.5718
2025-07-07,SHORT TERM DEBT FUND,SIP,3000.0,39.2365,76.4594
2025-08-07,NIFTY 50 INDEX FUND,SIP,18200.0,76.0214,239.4064
2025-08-07,SHORT TERM DEBT FUND,SIP,3000.0,39.4589,76.0284
2025-09-07,NIFTY 50 INDEX FUND,SIP,18200.0,76.3107,238.4987
2025-09-07,SHORT TERM DEBT FUND,SIP,3000.0,39.6108,75.7368
2025-10-07,NIFTY 50 INDEX FUND,SIP,18200.0,75.2858,241.7453
2025-10-07,SHORT TERM DEBT FUND,SIP,3000.0,39.8365,75.3078
2025-11-07,NIFTY 50 INDEX FUND,SIP,18200.0,73.9929,245.9694
2025-11-07,SHORT TERM DEBT FUND,SIP,3000.0,39.9658,75.0642
2025-11-10,NIFTY 50 INDEX FUND,LUMPSUM,230000.0,73.9929,3108.405
2025-12-07,NIFTY 50 INDEX FUND,SIP,18200.0,74.2938,244.9734
2025-12-07,SHORT TERM DEBT FUND,SIP,3000.0,40.2748,74.4883
2026-01-07,NIFTY 50 INDEX FUND,SIP,18200.0,72.7895,250.0361
2026-01-07,SHORT TERM DEBT FUND,SIP,3000.0,40.4821,74.1069
2026-02-07,NIFTY 50 INDEX FUND,SIP,18200.0,73.6162,247.2281
2026-02-07,SHORT TERM DEBT FUND,SIP,3000.0,40.6865,73.7346
2026-03-07,NIFTY 50 INDEX FUND,SIP,18200.0,69.8592,260.5242
2026-03-07,SHORT TERM DEBT FUND,SIP,3000.0,40.8568,73.4272
2026-04-07,NIFTY 50 INDEX FUND,SIP,20000.0,68.5175,291.8963
2026-04-07,SHORT TERM DEBT FUND,SIP,3000.0,41.0076,73.1571
2026-05-07,NIFTY 50 INDEX FUND,SIP,20000.0,73.6102,271.7015
2026-05-07,SHORT TERM DEBT FUND,SIP,3000.0,41.1262,72.9461
2026-05-10,NIFTY 50 INDEX FUND,LUMPSUM,330000.0,73.6102,4483.0742
2026-06-07,NIFTY 50 INDEX FUND,SIP,20000.0,72.3263,276.5247
2026-06-07,SHORT TERM DEBT FUND,SIP,3000.0,41.2199,72.7804
2026-07-07,NIFTY 50 INDEX FUND,SIP,20000.0,73.0456,273.8017
2026-07-07,SHORT TERM DEBT FUND,SIP,3000.0,41.4649,72.3504
2026-08-07,NIFTY 50 INDEX FUND,SIP,20000.0,75.344,265.4493
2026-08-07,SHORT TERM DEBT FUND,SIP,3000.0,41.6607,72.0104
2026-09-07,NIFTY 50 INDEX FUND,SIP,20000.0,72.4152,276.1851
2026-09-07,SHORT TERM DEBT FUND,SIP,3000.0,41.801,71.7687
