month_end,instrument,price
2021-10-31,NIFTY 50 INDEX FUND,100.0
2021-11-30,NIFTY 50 INDEX FUND,101.1055
2021-12-31,NIFTY 50 INDEX FUND,98.1657
2022-01-31,NIFTY 50 INDEX FUND,99.5112
2022-02-28,NIFTY 50 INDEX FUND,97.8274
2022-03-31,NIFTY 50 INDEX FUND,99.3675
2022-04-30,NIFTY 50 INDEX FUND,103.5696
2022-05-31,NIFTY 50 INDEX FUND,95.848
2022-06-30,NIFTY 50 INDEX FUND,95.8883
2022-07-31,NIFTY 50 INDEX FUND,97.6195
2022-08-31,NIFTY 50 INDEX FUND,96.3269
2022-09-30,NIFTY 50 INDEX FUND,90.7538
2022-10-31,NIFTY 50 INDEX FUND,88.4489
2022-11-30,NIFTY 50 INDEX FUND,89.2924
2022-12-31,NIFTY 50 INDEX FUND,89.8257
2023-01-31,NIFTY 50 INDEX FUND,85.862
2023-02-28,NIFTY 50 INDEX FUND,80.8286
2023-03-31,NIFTY 50 INDEX FUND,79.3845
2023-04-30,NIFTY 50 INDEX FUND,75.9735
2023-05-31,NIFTY 50 INDEX FUND,76.1638
2023-06-30,NIFTY 50 INDEX FUND,79.2885
2023-07-31,NIFTY 50 INDEX FUND,80.8855
2023-08-31,NIFTY 50 INDEX FUND,77.454
2023-09-30,NIFTY 50 INDEX FUND,81.4386
2023-10-31,NIFTY 50 INDEX FUND,79.4223
2023-11-30,NIFTY 50 INDEX FUND,78.6405
2023-12-31,NIFTY 50 INDEX FUND,81.9453
2024-01-31,NIFTY 50 INDEX FUND,81.924
2024-02-29,NIFTY 50 INDEX FUND,81.7057
2024-03-31,NIFTY 50 INDEX FUND,81.8791
2024-04-30,NIFTY 50 INDEX FUND,81.1453
2024-05-31,NIFTY 50 INDEX FUND,81.9498
2024-06-30,NIFTY 50 INDEX FUND,86.7312
2024-07-31,NIFTY 50 INDEX FUND,82.647
2024-08-31,NIFTY 50 INDEX FUND,75.9865
2024-09-30,NIFTY 50 INDEX FUND,77.3833
2024-10-31,NIFTY 50 INDEX FUND,76.0618
2024-11-30,NIFTY 50 INDEX FUND,76.2947
2024-12-31,NIFTY 50 INDEX FUND,78.9189
2025-01-31,NIFTY 50 INDEX FUND,79.9123
2025-02-28,NIFTY 50 INDEX FUND,77.7061
2025-03-31,NIFTY 50 INDEX FUND,78.8732
2025-04-30,NIFTY 50 INDEX FUND,72.6502
2025-05-31,NIFTY 50 INDEX FUND,66.4905
2025-06-30,NIFTY 50 INDEX FUND,69.4861
2025-07-31,NIFTY 50 INDEX FUND,70.6599
2025-08-31,NIFTY 50 INDEX FUND,76.0214
2025-09-30,NIFTY 50 INDEX FUND,76.3107
2025-10-31,NIFTY 50 INDEX FUND,75.2858
2025-11-30,NIFTY 50 INDEX FUND,73.9929
2025-12-31,NIFTY 50 INDEX FUND,74.2938
2026-01-31,NIFTY 50 INDEX FUND,72.7895
2026-02-28,NIFTY 50 INDEX FUND,73.6162
2026-03-31,NIFTY 50 INDEX FUND,69.8592
2026-04-30,NIFTY 50 INDEX FUND,68.5175
2026-05-31,NIFTY 50 INDEX FUND,73.6102
2026-06-30,NIFTY 50 INDEX FUND,72.3263
2026-07-31,NIFTY 50 INDEX FUND,73.0456
2026-08-31,NIFTY 50 INDEX FUND,75.344
2026-09-30,NIFTY 50 INDEX FUND,72.4152
2021-10-31,SHORT TERM DEBT FUND,30.0
2021-11-30,SHORT TERM DEBT FUND,30.1919
2021-12-31,SHORT TERM DEBT FUND,30.3396
2022-01-31,SHORT TERM DEBT FUND,30.5969
2022-02-28,SHORT TERM DEBT FUND,30.8043
2022-03-31,SHORT TERM DEBT FUND,30.9257
2022-04-30,SHORT TERM DEBT FUND,31.0219
2022-05-31,SHORT TERM DEBT FUND,31.1218
2022-06-30,SHORT TERM DEBT FUND,31.2234
2022-07-31,SHORT TERM DEBT FUND,31.3928
2022-08-31,SHORT TERM DEBT FUND,31.5719
2022-09-30,SHORT TERM DEBT FUND,31.7248
2022-10-31,SHORT TERM DEBT FUND,31.9761
2022-11-30,SHORT TERM DEBT FUND,32.2182
2022-12-31,SHORT TERM DEBT FUND,32.4121
2023-01-31,SHORT TERM DEBT FUND,32.6051
2023-02-28,SHORT TERM DEBT FUND,32.8502
2023-03-31,SHORT TERM DEBT FUND,33.1722
2023-04-30,SHORT TERM DEBT FUND,33.3695
2023-05-31,SHORT TERM DEBT FUND,33.6086
2023-06-30,SHORT TERM DEBT FUND,33.9003
2023-07-31,SHORT TERM DEBT FUND,34.0655
2023-08-31,SHORT TERM DEBT FUND,34.2236
2023-09-30,SHORT TERM DEBT FUND,34.5005
2023-10-31,SHORT TERM DEBT FUND,34.7452
2023-11-30,SHORT TERM DEBT FUND,34.94
2023-12-31,SHORT TERM DEBT FUND,35.1198
2024-01-31,SHORT TERM DEBT FUND,35.4305
2024-02-29,SHORT TERM DEBT FUND,35.6609
2024-03-31,SHORT TERM DEBT FUND,35.7883
2024-04-30,SHORT TERM DEBT FUND,36.0794
2024-05-31,SHORT TERM DEBT FUND,36.3368
2024-06-30,SHORT TERM DEBT FUND,36.5472
2024-07-31,SHORT TERM DEBT FUND,36.7845
2024-08-31,SHORT TERM DEBT FUND,36.9755
2024-09-30,SHORT TERM DEBT FUND,37.3559
2024-10-31,SHORT TERM DEBT FUND,37.5879
2024-11-30,SHORT TERM DEBT FUND,37.7905
2024-12-31,SHORT TERM DEBT FUND,37.9315
2025-01-31,SHORT TERM DEBT FUND,38.0715
2025-02-28,SHORT TERM DEBT FUND,38.3664
2025-03-31,SHORT TERM DEBT FUND,38.5435
2025-04-30,SHORT TERM DEBT FUND,38.6799
2025-05-31,SHORT TERM DEBT FUND,38.9697
2025-06-30,SHORT TERM DEBT FUND,39.1298
2025-07-31,SHORT TERM DEBT FUND,39.2365
2025-08-31,SHORT TERM DEBT FUND,39.4589
2025-09-30,SHORT TERM DEBT FUND,39.6108
2025-10-31,SHORT TERM DEBT FUND,39.8365
2025-11-30,SHORT TERM DEBT FUND,39.9658
2025-12-31,SHORT TERM DEBT FUND,40.2748
2026-01-31,SHORT TERM DEBT FUND,40.4821
2026-02-28,SHORT TERM DEBT FUND,40.6865
2026-03-31,SHORT TERM DEBT FUND,40.8568
2026-04-30,SHORT TERM DEBT FUND,41.0076
2026-05-31,SHORT TERM DEBT FUND,41.1262
2026-06-30,SHORT TERM DEBT FUND,41.2199
2026-07-31,SHORT TERM DEBT FUND,41.4649
2026-08-31,SHORT TERM DEBT FUND,41.6607
2026-09-30,SHORT TERM DEBT FUND,41.801
2021-10-31,OFFICE REIT,330.0
2021-11-30,OFFICE REIT,328.28
2021-12-31,OFFICE REIT,319.49
2022-01-31,OFFICE REIT,315.74
2022-02-28,OFFICE REIT,320.06
2022-03-31,OFFICE REIT,320.74
2022-04-30,OFFICE REIT,317.3
2022-05-31,OFFICE REIT,300.72
2022-06-30,OFFICE REIT,304.07
2022-07-31,OFFICE REIT,282.03
2022-08-31,OFFICE REIT,283.83
2022-09-30,OFFICE REIT,276.35
2022-10-31,OFFICE REIT,270.48
2022-11-30,OFFICE REIT,266.56
2022-12-31,OFFICE REIT,267.87
2023-01-31,OFFICE REIT,279.59
2023-02-28,OFFICE REIT,281.43
2023-03-31,OFFICE REIT,288.71
2023-04-30,OFFICE REIT,294.57
2023-05-31,OFFICE REIT,294.87
2023-06-30,OFFICE REIT,289.78
2023-07-31,OFFICE REIT,291.75
2023-08-31,OFFICE REIT,290.91
2023-09-30,OFFICE REIT,280.23
2023-10-31,OFFICE REIT,264.32
2023-11-30,OFFICE REIT,275.08
2023-12-31,OFFICE REIT,272.87
2024-01-31,OFFICE REIT,270.18
2024-02-29,OFFICE REIT,270.01
2024-03-31,OFFICE REIT,270.73
2024-04-30,OFFICE REIT,276.85
2024-05-31,OFFICE REIT,274.85
2024-06-30,OFFICE REIT,280.49
2024-07-31,OFFICE REIT,267.13
2024-08-31,OFFICE REIT,260.72
2024-09-30,OFFICE REIT,254.99
2024-10-31,OFFICE REIT,259.53
2024-11-30,OFFICE REIT,265.78
2024-12-31,OFFICE REIT,265.94
2025-01-31,OFFICE REIT,268.81
2025-02-28,OFFICE REIT,271.17
2025-03-31,OFFICE REIT,271.02
2025-04-30,OFFICE REIT,274.79
2025-05-31,OFFICE REIT,261.22
2025-06-30,OFFICE REIT,268.1
2025-07-31,OFFICE REIT,278.96
2025-08-31,OFFICE REIT,277.5
2025-09-30,OFFICE REIT,287.48
2025-10-31,OFFICE REIT,281.5
2025-11-30,OFFICE REIT,292.96
2025-12-31,OFFICE REIT,293.96
2026-01-31,OFFICE REIT,289.9
2026-02-28,OFFICE REIT,288.16
2026-03-31,OFFICE REIT,303.32
2026-04-30,OFFICE REIT,307.3
2026-05-31,OFFICE REIT,306.3
2026-06-30,OFFICE REIT,313.97
2026-07-31,OFFICE REIT,307.83
2026-08-31,OFFICE REIT,307.43
2026-09-30,OFFICE REIT,320.67
